Marca,Tipo,Ubicacion,Placa,Consecutivo,Fecha
ADRIA,Diesel,Galicia,0001,1,2019-07-06
ALFAROMEO,Diesel,Andalucía,0047,2,2019-07-06
ALFAROMEO,Diesel,Aragón,0041,3,2019-07-06
ALFAROMEO,Diesel,Asturias (Principado de),0010,4,2019-07-06
ALFAROMEO,Diesel,Balears (Illes),0006,5,2019-07-06
ALFAROMEO,Diesel,Canarias,0019,6,2019-07-06
ALFAROMEO,Diesel,Castilla y León,0026,7,2019-07-06
ALFAROMEO,Diesel,Castilla-La Mancha,0009,8,2019-07-06
ALFAROMEO,Diesel,Cataluña,0112,9,2019-07-06
ALFAROMEO,Diesel,Ceuta,0001,10,2019-07-06
ALFAROMEO,Diesel,Comunitat Valenciana,0192,11,2019-07-06
ALFAROMEO,Diesel,Extremadura,0005,12,2019-07-06
ALFAROMEO,Diesel,Galicia,0023,13,2019-07-06
ALFAROMEO,Diesel,Madrid (Comunidad de),0162,14,2019-07-06
ALFAROMEO,Diesel,Murcia (Región de),0010,15,2019-07-06
ALFAROMEO,Diesel,Navarra (Comunidad Foral,de)0003,16,2019-07-06
ALFAROMEO,Diesel,País Vasco,0007,17,2019-07-06
ALFAROMEO,Gasolina,Andalucía,0014,18,2019-07-06
ALFAROMEO,Gasolina,,0003,19,2019-07-06
ALFAROMEO,Gasolina,Asturias (Principado de),0001,20,2019-07-06
ALFAROMEO,Gasolina,Balears (Illes),0005,21,2019-07-06
ALFAROMEO,Gasolina,Canarias,0025,22,2019-07-06
ALFAROMEO,Gasolina,Cantabria,0001,23,2019-07-06
ALFAROMEO,Gasolina,Castilla y León,0002,24,2019-07-06
ALFAROMEO,Gasolina,Castilla-La Mancha,0001,25,2019-07-06
,Gasolina,Cataluña,0013,26,2019-07-06
ALFAROMEO,Gasolina,Comunitat Valenciana,0010,27,2019-07-06
ALFAROMEO,Gasolina,Extremadura,0001,28,2019-07-06
ALFAROMEO,Gasolina,Galicia,0011,29,2019-07-06
ALFAROMEO,Gasolina,Madrid (Comunidad de),0014,30,2019-07-06
ALFAROMEO,Gasolina,País Vasco,0002,31,2019-07-06
ALLARD,Gasolina,Madrid (Comunidad de),0001,32,2019-07-06
AMGENERALCORP,Gasolina,Andalucía,0001,33,2019-07-06
APICZ,Diesel,Cataluña,0001,34,2019-07-06
APICZ,Diesel,Comunitat Valenciana,0001,35,2019-07-06
APICZ,Gasolina,Murcia (Región de),0001,36,2019-07-06
ASTONMARTIN,Gasolina,Andalucía,0004,37,2019-07-06
ASTONMARTIN,Gasolina,Balears (Illes),0001,38,2019-07-06
ASTONMARTIN,Gasolina,Castilla y León,0001,39,2019-07-06
ASTONMARTIN,Gasolina,Castilla-La Mancha,0001,40,2019-07-06
ASTONMARTIN,Gasolina,Cataluña,0004,41,2019-07-06
ASTONMARTIN,Gasolina,Comunitat Valenciana,0001,42,2019-07-06
ASTONMARTIN,Gasolina,Madrid (Comunidad de),0041,43,2019-07-06
ASTONMARTIN,Gasolina,Murcia (Región de),0002,44,2019-07-06
AUDI,Diesel,Andalucía,1235,45,2019-07-06
AUDI,Diesel,Aragón,0186,46,2019-07-06
AUDI,Diesel,Asturias (Principado de),0175,47,2019-07-06
AUDI,Diesel,Balears (Illes),0155,48,2019-07-06
AUDI,Diesel,Canarias,0057,49,2019-07-06
AUDI,Diesel,Cantabria,0117,50,2019-07-06
AUDI,Diesel,Castilla y León,0405,51,2019-07-06
AUDI,Diesel,Castilla-La Mancha,0346,52,2019-07-06
AUDI,Diesel,Cataluña,1774,53,2019-07-06
AUDI,Diesel,Ceuta,0012,54,2019-07-06
AUDI,Diesel,Comunitat Valenciana,0911,55,2019-07-06
AUDI,Diesel,Extremadura,0158,56,2019-07-06
AUDI,Diesel,Galicia,0567,57,2019-07-06
AUDI,Diesel,Madrid (Comunidad de),0162,58,2019-07-06
AUDI,Diesel,Melilla,0006,59,2019-07-06
AUDI,Diesel,Murcia (Región de),0337,60,2019-07-06
AUDI,Diesel,Navarra (Comunidad Foral,de)0105,61,2019-07-06
AUDI,Diesel,País Vasco,0420,62,2019-07-06
AUDI,Diesel,Rioja (La),0058,63,2019-07-06
AUDI,Eléctrico,Andalucía,0002,64,2019-07-06
AUDI,Eléctrico,Aragón,0002,65,2019-07-06
AUDI,Eléctrico,Balears (Illes),0001,66,2019-07-06
AUDI,Eléctrico,Canarias,0002,67,2019-07-06
AUDI,Eléctrico,Cataluña,0001,68,2019-07-06
AUDI,Eléctrico,Comunitat Valenciana,0001,69,2019-07-06
AUDI,Eléctrico,Madrid (Comunidad de),0010,70,2019-07-06
AUDI,Gas Licuado,PetroleoPaís Vasco,0001,71,2019-07-06
AUDI,Gasolina,Andalucía,0217,72,2019-07-06
AUDI,Gasolina,Aragón,0037,73,2019-07-06
AUDI,Gasolina,Asturias (Principado de),0028,74,2019-07-06
AUDI,Gasolina,Balears (Illes),0221,75,2019-07-06
AUDI,Gasolina,Canarias,0155,76,2019-07-06
AUDI,Gasolina,Cantabria,0036,77,2019-07-06
AUDI,Gasolina,Castilla y León,0116,78,2019-07-06
AUDI,Gasolina,Castilla-La Mancha,0063,79,2019-07-06
AUDI,Gasolina,Cataluña,0589,80,2019-07-06
AUDI,Gasolina,Ceuta,0006,81,2019-07-06
AUDI,,Comunitat Valenciana,0431,82,2019-07-06
AUDI,Gasolina,Extremadura,0026,83,2019-07-06
AUDI,Gasolina,Galicia,0118,84,2019-07-06
AUDI,Gasolina,Madrid (Comunidad de),0003,85,2019-07-06
AUDI,Gasolina,Murcia (Región de),0047,86,2019-07-06
AUDI,Gasolina,Navarra (Comunidad Foral,de)0022,87,2019-07-06
AUDI,Gasolina,País Vasco,0150,88,2019-07-06
AUDI,Gasolina,Rioja (La),0008,89,2019-07-06
AUSTIN,Gasolina,Cataluña,0001,90,2019-07-06
AUSTIN,Gasolina,Galicia,0001,91,2019-07-06
AUSTIN,Gasolina,Madrid (Comunidad de),0001,92,2019-07-06
AUSTINROVER,Gasolina,Andalucía,0001,93,2019-07-06
BENTLEY,Gasolina,Andalucía,0015,94,2019-07-06
BENTLEY,Gasolina,Balears (Illes),0001,95,2019-07-06
BENTLEY,Gasolina,Canarias,0001,96,2019-07-06
BENTLEY,Gasolina,Cataluña,0004,97,2019-07-06
BENTLEY,Gasolina,Comunitat Valenciana,0004,98,2019-07-06
BENTLEY,Gasolina,Madrid (Comunidad de),0007,99,2019-07-06
BIERMAN,Diesel,Extremadura,0001,100,2019-07-06
BMW,Biometano,Navarra (Comunidad Foral,de)0001,101,2019-07-06
BMW,Diesel,Andalucía,1199,102,2019-07-06
BMW,Diesel,Aragón,0172,103,2019-07-06
BMW,Diesel,Asturias (Principado de),0147,104,2019-07-06
BMW,Diesel,Balears (Illes),0213,105,2019-07-06
BMW,Diesel,Canarias,0201,106,2019-07-06
BMW,Diesel,Cantabria,0103,107,2019-07-06
BMW,Diesel,Castilla y León,0338,108,2019-07-06
BMW,Diesel,Castilla-La Mancha,0287,109,2019-07-06
BMW,Diesel,Cataluña,1328,110,2019-07-06
BMW,Diesel,Ceuta,0004,111,2019-07-06
BMW,Diesel,Comunitat Valenciana,0982,112,2019-07-06
BMW,Diesel,Extremadura,0135,113,2019-07-06
BMW,Diesel,,0344,114,2019-07-06
BMW,Diesel,Madrid (Comunidad de),5990,115,2019-07-06
BMW,Diesel,Melilla,0006,116,2019-07-06
BMW,Diesel,Murcia (Región de),0235,117,2019-07-06
BMW,Diesel,Navarra (Comunidad Foral,de)0079,118,2019-07-06
BMW,Diesel,País Vasco,0275,119,2019-07-06
BMW,Diesel,Rioja (La),0039,120,2019-07-06
BMW,Eléctrico,Balears (Illes),0001,121,2019-07-06
BMW,Eléctrico,Comunitat Valenciana,0003,122,2019-07-06
BMW,Eléctrico,Madrid (Comunidad de),0017,123,2019-07-06
BMW,Eléctrico,País Vasco,0002,124,2019-07-06
BMW,Gasolina,Andalucía,0088,125,2019-07-06
BMW,Gasolina,Aragón,0014,126,2019-07-06
BMW,Gasolina,Asturias (Principado de),0007,127,2019-07-06
BMW,Gasolina,Balears (Illes),0031,128,2019-07-06
BMW,Gasolina,Canarias,0045,129,2019-07-06
BMW,Gasolina,Cantabria,0008,130,2019-07-06
BMW,Gasolina,Castilla y León,0033,131,2019-07-06
BMW,Gasolina,Castilla-La Mancha,0018,132,2019-07-06
BMW,Gasolina,Cataluña,0153,133,2019-07-06
BMW,Gasolina,Comunitat Valenciana,0124,134,2019-07-06
BMW,Gasolina,Extremadura,0006,135,2019-07-06
BMW,Gasolina,Galicia,0040,136,2019-07-06
BMW,Gasolina,Madrid (Comunidad de),0272,137,2019-07-06
BMW,Gasolina,Melilla,0001,138,2019-07-06
BMW,Gasolina,Murcia (Región de),0015,139,2019-07-06
BMW,Gasolina,Navarra (Comunidad Foral,de)0005,140,2019-07-06
BMW,Gasolina,País Vasco,0045,141,2019-07-06
BMW,Gasolina,Rioja (La),0001,142,2019-07-06
BMWI,Diesel,Madrid (Comunidad de),0008,143,2019-07-06
BMWI,Eléctrico,Andalucía,0001,144,2019-07-06
,Eléctrico,Canarias,0001,145,2019-07-06
BMWI,Eléctrico,Cataluña,0013,146,2019-07-06
BMWI,Eléctrico,Comunitat Valenciana,0001,147,2019-07-06
BMWI,Eléctrico,Madrid (Comunidad de),0048,148,2019-07-06
BMWI,Gasolina,Balears (Illes),0001,149,2019-07-06
BMWI,Gasolina,Castilla-La Mancha,0001,150,2019-07-06
BMWI,,Cataluña,0002,151,2019-07-06
BMWI,Gasolina,Madrid (Comunidad de),0001,152,2019-07-06
BUGGY,Gasolina,Andalucía,0001,153,2019-07-06
BUICK,Gasolina,Andalucía,0004,154,2019-07-06
CADILLAC,Gasolina,Andalucía,0003,155,2019-07-06
CADILLAC,Gasolina,Madrid (Comunidad de),0001,156,2019-07-06
CADILLAC,Sin especif,Castilla y León,0001,157,2019-07-06
CARRUXO,Gasolina,Andalucía,0001,158,2019-07-06
CHAUSSON,Diesel,Cataluña,0001,159,2019-07-06
CHEVROLET,Diesel,Andalucía,0002,160,2019-07-06
CHEVROLET,Diesel,Balears (Illes),0002,161,2019-07-06
CHEVROLET,Diesel,Castilla y León,0001,162,2019-07-06
CHEVROLET,Diesel,Castilla-La Mancha,0001,163,2019-07-06
CHEVROLET,Diesel,Comunitat Valenciana,0003,164,2019-07-06
CHEVROLET,Diesel,Madrid (Comunidad de),0003,165,2019-07-06
CHEVROLET,Diesel,Murcia (Región de),0001,166,2019-07-06
CHEVROLET,Gasolina,Andalucía,0013,167,2019-07-06
CHEVROLET,Gasolina,Balears (Illes),0006,168,2019-07-06
CHEVROLET,Gasolina,Canarias,0003,169,2019-07-06
CHEVROLET,Gasolina,Cataluña,0001,170,2019-07-06
CHEVROLET,Gasolina,Comunitat Valenciana,0006,171,2019-07-06
CHEVROLET,Gasolina,Galicia,0001,172,2019-07-06
CHEVROLET,Gasolina,Madrid (Comunidad de),0005,173,2019-07-06
CHEVROLET,Gasolina,Murcia (Región de),0004,174,2019-07-06
CHEVROLET,Sin especif,Asturias (Principado de),0001,175,2019-07-06
CHRYSLER,Diesel,Andalucía,0007,176,2019-07-06
CHRYSLER,Diesel,Aragón,0002,177,2019-07-06
CHRYSLER,Diesel,Asturias (Principado de),0002,178,2019-07-06
CHRYSLER,Diesel,Balears (Illes),0001,179,2019-07-06
CHRYSLER,Diesel,Canarias,0003,180,2019-07-06
CHRYSLER,Diesel,Castilla y León,0003,181,2019-07-06
CHRYSLER,Diesel,Castilla-La Mancha,0001,182,2019-07-06
CHRYSLER,Diesel,Cataluña,0004,183,2019-07-06
CHRYSLER,Diesel,Comunitat Valenciana,0004,184,2019-07-06
CHRYSLER,Diesel,Extremadura,0001,185,2019-07-06
CHRYSLER,Diesel,Galicia,0001,186,2019-07-06
CHRYSLER,Diesel,Madrid (Comunidad de),0006,187,2019-07-06
CHRYSLER,Diesel,Murcia (Región de),0003,188,2019-07-06
CHRYSLER,Gasolina,Andalucía,0007,189,2019-07-06
CHRYSLER,Gasolina,Aragón,0001,190,2019-07-06
CHRYSLER,Gasolina,Balears (Illes),0003,191,2019-07-06
CHRYSLER,Gasolina,Cataluña,0003,192,2019-07-06
CHRYSLER,Gasolina,Comunitat Valenciana,0009,193,2019-07-06
CHRYSLER,Gasolina,Madrid (Comunidad de),0002,194,2019-07-06
CHRYSLER,Gasolina,Murcia (Región de),0005,195,2019-07-06
CITROEN,Diesel,Andalucía,2064,196,2019-07-06
CITROEN,Diesel,Aragón,0229,197,2019-07-06
CITROEN,Diesel,Asturias (Principado de),0181,198,2019-07-06
CITROEN,Diesel,Balears (Illes),0447,199,2019-07-06
CITROEN,Diesel,Canarias,0052,200,2019-07-06
CITROEN,Diesel,Cantabria,0129,201,2019-07-06
CITROEN,Diesel,Castilla y León,0415,202,2019-07-06
CITROEN,Diesel,Castilla-La Mancha,0975,203,2019-07-06
CITROEN,Diesel,Cataluña,1570,204,2019-07-06
CITROEN,Diesel,Ceuta,0024,205,2019-07-06
CITROEN,Diesel,Comunitat Valenciana,2204,206,2019-07-06
CITROEN,Diesel,Extremadura,0257,207,2019-07-06
CITROEN,Diesel,Galicia,0635,208,2019-07-06
CITROEN,Diesel,Madrid (Comunidad de),3997,209,2019-07-06
CITROEN,Diesel,Murcia (Región de),0446,210,2019-07-06
CITROEN,Diesel,Navarra (Comunidad Foral,de)0133,211,2019-07-06
CITROEN,Diesel,País Vasco,0379,212,2019-07-06
CITROEN,Diesel,Rioja (La),0063,213,2019-07-06
CITROEN,Eléctrico,Andalucía,0003,214,2019-07-06
CITROEN,Eléctrico,Castilla-La Mancha,0003,215,2019-07-06
CITROEN,Eléctrico,Cataluña,0007,216,2019-07-06
CITROEN,Eléctrico,Comunitat Valenciana,0001,217,2019-07-06
CITROEN,Eléctrico,Madrid (Comunidad de),0007,218,2019-07-06
CITROEN,Eléctrico,Navarra (Comunidad Foral,de)0001,219,2019-07-06
CITROEN,Gas Licuado,PetroleoAndalucía,0001,220,2019-07-06
CITROEN,Gas Licuado,PetroleoCastilla y León,0001,221,2019-07-06
CITROEN,Gas Licuado,PetroleoCataluña,0032,222,2019-07-06
CITROEN,Gas Licuado,PetroleoMadrid (Comunidad de),0009,223,2019-07-06
CITROEN,Gasolina,Andalucía,0748,224,2019-07-06
CITROEN,Gasolina,Aragón,0141,225,2019-07-06
CITROEN,Gasolina,Asturias (Principado de),0084,226,2019-07-06
CITROEN,Gasolina,Balears (Illes),0205,227,2019-07-06
CITROEN,Gasolina,Canarias,0399,228,2019-07-06
CITROEN,Gasolina,Cantabria,0069,229,2019-07-06
CITROEN,Gasolina,Castilla y León,0213,230,2019-07-06
CITROEN,Gasolina,Castilla-La Mancha,0282,231,2019-07-06
CITROEN,Gasolina,Cataluña,0943,232,2019-07-06
CITROEN,Gasolina,Ceuta,0018,233,2019-07-06
CITROEN,Gasolina,Comunitat Valenciana,0999,234,2019-07-06
CITROEN,Gasolina,Extremadura,0112,235,2019-07-06
CITROEN,Gasolina,Galicia,0171,236,2019-07-06
CITROEN,Gasolina,Madrid (Comunidad de),1455,237,2019-07-06
CITROEN,Gasolina,Melilla,0010,238,2019-07-06
CITROEN,Gasolina,Murcia (Región de),0115,239,2019-07-06
CITROEN,Gasolina,Navarra (Comunidad Foral,de)0072,240,2019-07-06
CITROEN,Gasolina,País Vasco,0230,241,2019-07-06
CITROEN,Gasolina,Rioja (La),0038,242,2019-07-06
CITROEN,Hidrógeno,Comunitat Valenciana,0001,243,2019-07-06
DACIA,Diesel,Andalucía,1396,244,2019-07-06
DACIA,Diesel,Aragón,0165,245,2019-07-06
DACIA,Diesel,Asturias (Principado de),0121,246,2019-07-06
DACIA,Diesel,Balears (Illes),0197,247,2019-07-06
DACIA,Diesel,Canarias,0355,248,2019-07-06
DACIA,Diesel,Cantabria,0070,249,2019-07-06
DACIA,Diesel,Castilla y León,0273,250,2019-07-06
DACIA,Diesel,Castilla-La Mancha,0280,251,2019-07-06
DACIA,Diesel,Cataluña,0843,252,2019-07-06
DACIA,Diesel,Ceuta,0004,253,2019-07-06
DACIA,Diesel,Comunitat Valenciana,0714,254,2019-07-06
DACIA,Diesel,Extremadura,0209,255,2019-07-06
DACIA,Diesel,Galicia,0303,256,2019-07-06
DACIA,Diesel,Madrid (Comunidad de),0804,257,2019-07-06
DACIA,Diesel,Murcia (Región de),0274,258,2019-07-06
DACIA,Diesel,Navarra (Comunidad Foral,de)0080,259,2019-07-06
DACIA,Diesel,País Vasco,0276,260,2019-07-06
DACIA,Diesel,Rioja (La),0046,261,2019-07-06
DACIA,Gas Licuado,PetroleoAndalucía,0004,262,2019-07-06
DACIA,Gas Licuado,PetroleoAragón,0001,263,2019-07-06
DACIA,Gas Licuado,PetroleoCanarias,0008,264,2019-07-06
DACIA,Gas Licuado,PetroleoCastilla-La Mancha,0001,265,2019-07-06
DACIA,Gas Licuado,PetroleoCataluña,0003,266,2019-07-06
DACIA,Gas Licuado,PetroleoExtremadura,0001,267,2019-07-06
DACIA,Gas Licuado,PetroleoMadrid (Comunidad de),0003,268,2019-07-06
DACIA,Gasolina,Andalucía,0586,269,2019-07-06
DACIA,Gasolina,Aragón,0096,270,2019-07-06
DACIA,Gasolina,Asturias (Principado de),0069,271,2019-07-06
DACIA,Gasolina,Balears (Illes),0133,272,2019-07-06
DACIA,Gasolina,Canarias,0634,273,2019-07-06
DACIA,Gasolina,Cantabria,0039,274,2019-07-06
DACIA,Gasolina,Castilla y León,0162,275,2019-07-06
DACIA,Gasolina,Castilla-La Mancha,0102,276,2019-07-06
DACIA,Gasolina,Cataluña,0775,277,2019-07-06
DACIA,Gasolina,Ceuta,0007,278,2019-07-06
DACIA,Gasolina,Comunitat Valenciana,0589,279,2019-07-06
DACIA,Gasolina,Extremadura,0052,280,2019-07-06
DACIA,Gasolina,Galicia,0160,281,2019-07-06
DACIA,Gasolina,Madrid (Comunidad de),0467,282,2019-07-06
DACIA,Gasolina,Melilla,0009,283,2019-07-06
DACIA,Gasolina,Murcia (Región de),0111,284,2019-07-06
DACIA,Gasolina,Navarra (Comunidad Foral,de)0051,285,2019-07-06
DACIA,Gasolina,País Vasco,0171,286,2019-07-06
DACIA,Gasolina,Rioja (La),0030,287,2019-07-06
DAEWOO,Diesel,Andalucía,0001,288,2019-07-06
DAEWOO,Gasolina,Andalucía,0001,289,2019-07-06
DAEWOO,Gasolina,Aragón,0001,290,2019-07-06
DAEWOO,Gasolina,Castilla y León,0001,291,2019-07-06
DAEWOO,Gasolina,Cataluña,0001,292,2019-07-06
DAEWOO,Gasolina,Comunitat Valenciana,0003,293,2019-07-06
DAF,Gasolina,Andalucía,0001,294,2019-07-06
DAIHATSU,Gasolina,Andalucía,0001,295,2019-07-06
DAIHATSU,Gasolina,Balears (Illes),0002,296,2019-07-06
DAIHATSU,Gasolina,Canarias,0001,297,2019-07-06
DAIHATSU,Gasolina,Cataluña,0001,298,2019-07-06
DAIHATSU,Gasolina,Comunitat Valenciana,0003,299,2019-07-06
DAIMLER,Diesel,Balears (Illes),0001,300,2019-07-06
DAIMLER,Diesel,Cataluña,0001,301,2019-07-06
DAIMLER,Diesel,Madrid (Comunidad de),0002,302,2019-07-06
DAIMLER,Gasolina,Castilla y León,0001,303,2019-07-06
DAIMLERAG,Gasolina,Comunitat Valenciana,0001,304,2019-07-06
DAIMLERCHRYSL,Diesel,Andalucía,0003,305,2019-07-06
DAIMLERCHRYSL,Diesel,Balears (Illes),0001,306,2019-07-06
DAIMLERCHRYSL,Diesel,Castilla-La Mancha,0001,307,2019-07-06
DAIMLERCHRYSL,Diesel,Cataluña,0002,308,2019-07-06
DAIMLERCHRYSL,Diesel,Comunitat Valenciana,0002,309,2019-07-06
DAIMLERCHRYSL,Diesel,Galicia,0001,310,2019-07-06
DAIMLERCHRYSL,Gasolina,Balears (Illes),0001,311,2019-07-06
DESOTO,Gasolina,Madrid (Comunidad de),0001,312,2019-07-06
DODGE,Gasolina,Andalucía,0001,313,2019-07-06
DODGE,Gasolina,Cataluña,0001,314,2019-07-06
DODGE,Gasolina,Comunitat Valenciana,0002,315,2019-07-06
DS,Diesel,Andalucía,0053,316,2019-07-06
DS,Diesel,Aragón,0005,317,2019-07-06
DS,Diesel,Asturias (Principado de),0006,318,2019-07-06
DS,Diesel,Balears (Illes),0024,319,2019-07-06
DS,Diesel,Canarias,0003,320,2019-07-06
DS,Diesel,Cantabria,0013,321,2019-07-06
DS,Diesel,Castilla y León,0023,322,2019-07-06
DS,Diesel,Castilla-La Mancha,0077,323,2019-07-06
DS,Diesel,Cataluña,0052,324,2019-07-06
DS,Diesel,Ceuta,0001,325,2019-07-06
DS,Diesel,Comunitat Valenciana,0029,326,2019-07-06
DS,Diesel,Extremadura,0008,327,2019-07-06
DS,Diesel,Galicia,0037,328,2019-07-06
DS,Diesel,Madrid (Comunidad de),0252,329,2019-07-06
DS,Diesel,Murcia (Región de),0013,330,2019-07-06
DS,Diesel,Navarra (Comunidad Foral,de)0003,331,2019-07-06
DS,Diesel,País Vasco,0017,332,2019-07-06
DS,Diesel,Rioja (La),0004,333,2019-07-06
DS,Gasolina,Andalucía,0025,334,2019-07-06
DS,Gasolina,Aragón,0005,335,2019-07-06
DS,Gasolina,Asturias (Principado de),0004,336,2019-07-06
DS,Gasolina,Balears (Illes),0025,337,2019-07-06
DS,Gasolina,Canarias,0008,338,2019-07-06
DS,Gasolina,Cantabria,0005,339,2019-07-06
DS,Gasolina,Castilla y León,0014,340,2019-07-06
DS,Gasolina,Castilla-La Mancha,0035,341,2019-07-06
DS,Gasolina,Cataluña,0046,342,2019-07-06
DS,Gasolina,Comunitat Valenciana,0024,343,2019-07-06
DS,Gasolina,Extremadura,0006,344,2019-07-06
DS,Gasolina,Galicia,0010,345,2019-07-06
DS,Gasolina,Madrid (Comunidad de),0036,346,2019-07-06
DS,Gasolina,Murcia (Región de),0005,347,2019-07-06
DS,Gasolina,Navarra (Comunidad Foral,de)0006,348,2019-07-06
DS,Gasolina,País Vasco,0012,349,2019-07-06
DS,Gasolina,Rioja (La),0002,350,2019-07-06
EXCALIBUR,Gasolina,Comunitat Valenciana,0001,351,2019-07-06
FERRARI,Gasolina,Andalucía,0008,352,2019-07-06
FERRARI,Gasolina,Asturias (Principado de),0002,353,2019-07-06
FERRARI,Gasolina,Balears (Illes),0003,354,2019-07-06
FERRARI,Gasolina,Canarias,0001,355,2019-07-06
FERRARI,Gasolina,Castilla y León,0001,356,2019-07-06
FERRARI,Gasolina,Cataluña,0005,357,2019-07-06
FERRARI,Gasolina,Comunitat Valenciana,0003,358,2019-07-06
FERRARI,Gasolina,Extremadura,0001,359,2019-07-06
FERRARI,Gasolina,Galicia,0002,360,2019-07-06
FERRARI,Gasolina,Madrid (Comunidad de),0005,361,2019-07-06
FERRARI,Gasolina,Murcia (Región de),0001,362,2019-07-06
FERRARI,Gasolina,Navarra (Comunidad Foral,de)0001,363,2019-07-06
FERRARI,Gasolina,País Vasco,0001,364,2019-07-06
FERROSITE,Gas Licuado,PetroleoMadrid (Comunidad de),0004,365,2019-07-06
FIAT,Diesel,Andalucía,0380,366,2019-07-06
FIAT,Diesel,Aragón,0226,367,2019-07-06
FIAT,Diesel,Asturias (Principado de),0063,368,2019-07-06
FIAT,Diesel,Balears (Illes),0080,369,2019-07-06
FIAT,Diesel,Canarias,0041,370,2019-07-06
FIAT,Diesel,Cantabria,0022,371,2019-07-06
FIAT,Diesel,Castilla y León,0070,372,2019-07-06
FIAT,Diesel,Castilla-La Mancha,0069,373,2019-07-06
FIAT,Diesel,Cataluña,1020,374,2019-07-06
FIAT,Diesel,Ceuta,0004,375,2019-07-06
FIAT,Diesel,Comunitat Valenciana,0484,376,2019-07-06
FIAT,Diesel,Extremadura,0022,377,2019-07-06
FIAT,Diesel,Galicia,0098,378,2019-07-06
FIAT,Diesel,Madrid (Comunidad de),1927,379,2019-07-06
FIAT,Diesel,Melilla,0003,380,2019-07-06
FIAT,Diesel,Murcia (Región de),0036,381,2019-07-06
FIAT,Diesel,Navarra (Comunidad Foral,de)0007,382,2019-07-06
FIAT,Diesel,País Vasco,0082,383,2019-07-06
FIAT,Diesel,Rioja (La),0006,384,2019-07-06
FIAT,Gas Licuado,PetroleoAragón,0001,385,2019-07-06
FIAT,Gas Licuado,PetroleoCanarias,0004,386,2019-07-06
FIAT,Gas Licuado,PetroleoCantabria,0001,387,2019-07-06
FIAT,Gas Licuado,PetroleoCastilla y León,0002,388,2019-07-06
FIAT,Gas Licuado,PetroleoGalicia,0002,389,2019-07-06
FIAT,Gas Licuado,PetroleoMadrid (Comunidad de),0006,390,2019-07-06
FIAT,Gas Licuado,PetroleoNavarra (Comunidad Foral,de)0001,391,2019-07-06
FIAT,Gas Licuado,PetroleoPaís Vasco,0002,392,2019-07-06
FIAT,Gas Natural,primido Balears (Illes),0001,393,2019-07-06
FIAT,Gas Natural,primido Canarias,0001,394,2019-07-06
FIAT,Gas Natural,primido Madrid (Comunidad de),0001,395,2019-07-06
FIAT,Gasolina,Andalucía,0606,396,2019-07-06
FIAT,Gasolina,Aragón,0054,397,2019-07-06
FIAT,Gasolina,Asturias (Principado de),0030,398,2019-07-06
FIAT,Gasolina,Balears (Illes),0263,399,2019-07-06
FIAT,Gasolina,Canarias,0411,400,2019-07-06
FIAT,Gasolina,Cantabria,0031,401,2019-07-06
FIAT,Gasolina,Castilla y León,0092,402,2019-07-06
FIAT,Gasolina,Castilla-La Mancha,0077,403,2019-07-06
FIAT,Gasolina,Cataluña,0706,404,2019-07-06
FIAT,Gasolina,Ceuta,0003,405,2019-07-06
FIAT,Gasolina,Comunitat Valenciana,1856,406,2019-07-06
FIAT,Gasolina,Extremadura,0014,407,2019-07-06
FIAT,Gasolina,Galicia,0109,408,2019-07-06
FIAT,Gasolina,Madrid (Comunidad de),2963,409,2019-07-06
FIAT,Gasolina,Melilla,0011,410,2019-07-06
FIAT,Gasolina,Murcia (Región de),0078,411,2019-07-06
FIAT,Gasolina,Navarra (Comunidad Foral,de)0011,412,2019-07-06
FIAT,Gasolina,País Vasco,0081,413,2019-07-06
FIAT,Gasolina,Rioja (La),0007,414,2019-07-06
FISKERNIELSEN,Gasolina,Murcia (Región de),0001,415,2019-07-06
FORD,Diesel,Andalucía,0883,416,2019-07-06
FORD,Diesel,Aragón,0188,417,2019-07-06
FORD,Diesel,Asturias (Principado de),0101,418,2019-07-06
FORD,Diesel,Balears (Illes),0158,419,2019-07-06
FORD,Diesel,Canarias,0120,420,2019-07-06
FORD,Diesel,Cantabria,0050,421,2019-07-06
FORD,Diesel,Castilla y León,0195,422,2019-07-06
FORD,Diesel,Castilla-La Mancha,0136,423,2019-07-06
FORD,Diesel,Cataluña,1300,424,2019-07-06
FORD,Diesel,Ceuta,0009,425,2019-07-06
FORD,Diesel,Comunitat Valenciana,1855,426,2019-07-06
FORD,Diesel,Extremadura,0128,427,2019-07-06
FORD,Diesel,Galicia,0285,428,2019-07-06
FORD,Diesel,Madrid (Comunidad de),2001,429,2019-07-06
FORD,Diesel,Murcia (Región de),0266,430,2019-07-06
FORD,Diesel,Navarra (Comunidad Foral,de)0116,431,2019-07-06
FORD,Diesel,País Vasco,0394,432,2019-07-06
FORD,Diesel,Rioja (La),0035,433,2019-07-06
FORD,Gas Licuado,PetroleoBalears (Illes),0001,434,2019-07-06
FORD,Gas Licuado,PetroleoCanarias,0001,435,2019-07-06
FORD,Gas Licuado,PetroleoCastilla-La Mancha,0001,436,2019-07-06
FORD,Gas Licuado,PetroleoMadrid (Comunidad de),0003,437,2019-07-06
FORD,Gasolina,Andalucía,0691,438,2019-07-06
FORD,Gasolina,Aragón,0119,439,2019-07-06
FORD,Gasolina,Asturias (Principado de),0070,440,2019-07-06
FORD,Gasolina,Balears (Illes),0646,441,2019-07-06
FORD,Gasolina,Canarias,0419,442,2019-07-06
FORD,Gasolina,Cantabria,0063,443,2019-07-06
FORD,Gasolina,Castilla y León,0195,444,2019-07-06
FORD,Gasolina,Castilla-La Mancha,0104,445,2019-07-06
FORD,Gasolina,Cataluña,1179,446,2019-07-06
FORD,Gasolina,Ceuta,0006,447,2019-07-06
FORD,Gasolina,Comunitat Valenciana,2881,448,2019-07-06
FORD,Gasolina,Extremadura,0073,449,2019-07-06
FORD,Gasolina,Galicia,0190,450,2019-07-06
FORD,Gasolina,Madrid (Comunidad de),1044,451,2019-07-06
FORD,Gasolina,Melilla,0001,452,2019-07-06
FORD,Gasolina,Murcia (Región de),0156,453,2019-07-06
FORD,Gasolina,Navarra (Comunidad Foral,de)0095,454,2019-07-06
FORD,Gasolina,País Vasco,0329,455,2019-07-06
FORD,Gasolina,Rioja (La),0045,456,2019-07-06
FORD,Sin especif,Balears (Illes),0001,457,2019-07-06
FORDCNGTECHNI,Eléctrico,Comunitat Valenciana,0001,458,2019-07-06
FORDCNGTECHNI,Gasolina,Comunitat Valenciana,0008,459,2019-07-06
FORDCNGTECHNI,Gasolina,Madrid (Comunidad de),0003,460,2019-07-06
GATSBY,Gasolina,Andalucía,0001,461,2019-07-06
GLAS,Gasolina,Cataluña,0001,462,2019-07-06
GMC,Gasolina,Andalucía,0002,463,2019-07-06
HONDA,Diesel,Andalucía,0334,464,2019-07-06
HONDA,Diesel,Aragón,0054,465,2019-07-06
HONDA,Diesel,Asturias (Principado de),0056,466,2019-07-06
HONDA,Diesel,Balears (Illes),0026,467,2019-07-06
HONDA,Diesel,Canarias,0023,468,2019-07-06
HONDA,Diesel,Cantabria,0024,469,2019-07-06
HONDA,Diesel,Castilla y León,0074,470,2019-07-06
HONDA,Diesel,Castilla-La Mancha,0053,471,2019-07-06
HONDA,Diesel,Cataluña,0515,472,2019-07-06
HONDA,Diesel,Ceuta,0001,473,2019-07-06
HONDA,Diesel,Comunitat Valenciana,0160,474,2019-07-06
HONDA,Diesel,Extremadura,0026,475,2019-07-06
HONDA,Diesel,Galicia,0088,476,2019-07-06
HONDA,Diesel,Madrid (Comunidad de),0407,477,2019-07-06
HONDA,Diesel,Murcia (Región de),0043,478,2019-07-06
HONDA,Diesel,Navarra (Comunidad Foral,de)0025,479,2019-07-06
HONDA,Diesel,País Vasco,0126,480,2019-07-06
HONDA,Diesel,Rioja (La),0020,481,2019-07-06
HONDA,Gasolina,Andalucía,0056,482,2019-07-06
HONDA,Gasolina,Aragón,0021,483,2019-07-06
HONDA,Gasolina,Asturias (Principado de),0015,484,2019-07-06
HONDA,Gasolina,Balears (Illes),0025,485,2019-07-06
HONDA,Gasolina,Canarias,0082,486,2019-07-06
HONDA,Gasolina,Cantabria,0009,487,2019-07-06
HONDA,Gasolina,Castilla y León,0017,488,2019-07-06
HONDA,Gasolina,Castilla-La Mancha,0010,489,2019-07-06
HONDA,Gasolina,Cataluña,0139,490,2019-07-06
HONDA,Gasolina,Ceuta,0002,491,2019-07-06
HONDA,Gasolina,Comunitat Valenciana,0065,492,2019-07-06
HONDA,Gasolina,Extremadura,0003,493,2019-07-06
HONDA,Gasolina,Galicia,0033,494,2019-07-06
HONDA,Gasolina,Madrid (Comunidad de),0107,495,2019-07-06
HONDA,Gasolina,Melilla,0002,496,2019-07-06
HONDA,Gasolina,Murcia (Región de),0012,497,2019-07-06
HONDA,Gasolina,Navarra (Comunidad Foral,de)0007,498,2019-07-06
HONDA,Gasolina,País Vasco,0033,499,2019-07-06
HONDA,Gasolina,Rioja (La),0005,500,2019-07-06
HONDA,Sin especif,Ceuta,0002,501,2019-07-06
HUMMER,Gasolina,Comunitat Valenciana,0001,502,2019-07-06
HYUNDAI,Diesel,Andalucía,0736,503,2019-07-06
HYUNDAI,Diesel,Aragón,0098,504,2019-07-06
HYUNDAI,Diesel,Asturias (Principado de),0050,505,2019-07-06
HYUNDAI,Diesel,Balears (Illes),0526,506,2019-07-06
HYUNDAI,Diesel,Canarias,0124,507,2019-07-06
HYUNDAI,Diesel,Cantabria,0034,508,2019-07-06
HYUNDAI,Diesel,Castilla y León,0162,509,2019-07-06
HYUNDAI,Diesel,Castilla-La Mancha,0239,510,2019-07-06
HYUNDAI,Diesel,Cataluña,0662,511,2019-07-06
HYUNDAI,Diesel,Ceuta,0013,512,2019-07-06
HYUNDAI,Diesel,Comunitat Valenciana,0745,513,2019-07-06
HYUNDAI,Diesel,Extremadura,0116,514,2019-07-06
HYUNDAI,Diesel,Galicia,0179,515,2019-07-06
HYUNDAI,Diesel,Madrid (Comunidad de),1524,516,2019-07-06
HYUNDAI,Diesel,Melilla,0006,517,2019-07-06
HYUNDAI,Diesel,Murcia (Región de),0182,518,2019-07-06
HYUNDAI,Diesel,Navarra (Comunidad Foral,de)0045,519,2019-07-06
HYUNDAI,Diesel,País Vasco,0209,520,2019-07-06
HYUNDAI,Diesel,Rioja (La),0026,521,2019-07-06
HYUNDAI,Gasolina,Andalucía,0621,522,2019-07-06
HYUNDAI,Gasolina,Aragón,0090,523,2019-07-06
HYUNDAI,Gasolina,Asturias (Principado de),0049,524,2019-07-06
HYUNDAI,Gasolina,Balears (Illes),0440,525,2019-07-06
HYUNDAI,Gasolina,Canarias,0488,526,2019-07-06
HYUNDAI,Gasolina,Cantabria,0034,527,2019-07-06
HYUNDAI,Gasolina,Castilla y León,0148,528,2019-07-06
HYUNDAI,Gasolina,Castilla-La Mancha,0113,529,2019-07-06
HYUNDAI,Gasolina,Cataluña,0849,530,2019-07-06
HYUNDAI,Gasolina,Ceuta,0013,531,2019-07-06
HYUNDAI,Gasolina,Comunitat Valenciana,0780,532,2019-07-06
HYUNDAI,Gasolina,Extremadura,0082,533,2019-07-06
HYUNDAI,Gasolina,Galicia,0118,534,2019-07-06
HYUNDAI,Gasolina,Madrid (Comunidad de),1404,535,2019-07-06
HYUNDAI,Gasolina,Melilla,0016,536,2019-07-06
HYUNDAI,Gasolina,Murcia (Región de),0105,537,2019-07-06
HYUNDAI,Gasolina,Navarra (Comunidad Foral,de)0047,538,2019-07-06
HYUNDAI,Gasolina,País Vasco,0227,539,2019-07-06
HYUNDAI,Gasolina,Rioja (La),0025,540,2019-07-06
INFINITI,Diesel,Andalucía,0009,541,2019-07-06
INFINITI,Diesel,Aragón,0001,542,2019-07-06
INFINITI,Diesel,Asturias (Principado de),0006,543,2019-07-06
INFINITI,Diesel,Balears (Illes),0002,544,2019-07-06
INFINITI,Diesel,Canarias,0005,545,2019-07-06
INFINITI,Diesel,Cantabria,0003,546,2019-07-06
INFINITI,Diesel,Castilla y León,0007,547,2019-07-06
INFINITI,Diesel,Castilla-La Mancha,0016,548,2019-07-06
INFINITI,Diesel,Cataluña,0019,549,2019-07-06
INFINITI,Diesel,Comunitat Valenciana,0010,550,2019-07-06
INFINITI,Diesel,Galicia,0005,551,2019-07-06
INFINITI,Diesel,Madrid (Comunidad de),0018,552,2019-07-06
INFINITI,Diesel,Murcia (Región de),0003,553,2019-07-06
INFINITI,Diesel,Navarra (Comunidad Foral,de)0001,554,2019-07-06
INFINITI,Diesel,País Vasco,0004,555,2019-07-06
INFINITI,Diesel,Rioja (La),0001,556,2019-07-06
INFINITI,Gasolina,Castilla y León,0001,557,2019-07-06
INFINITI,Gasolina,Castilla-La Mancha,0001,558,2019-07-06
INFINITI,Gasolina,Cataluña,0007,559,2019-07-06
INFINITI,Gasolina,Madrid (Comunidad de),0006,560,2019-07-06
ISO,Gasolina,Cataluña,0001,561,2019-07-06
JAGUAR,Diesel,Andalucía,0023,562,2019-07-06
JAGUAR,Diesel,Aragón,0002,563,2019-07-06
JAGUAR,Diesel,Asturias (Principado de),0002,564,2019-07-06
JAGUAR,Diesel,Balears (Illes),0002,565,2019-07-06
JAGUAR,Diesel,Canarias,0008,566,2019-07-06
JAGUAR,Diesel,Castilla y León,0007,567,2019-07-06
JAGUAR,Diesel,Castilla-La Mancha,0006,568,2019-07-06
JAGUAR,Diesel,Cataluña,0066,569,2019-07-06
JAGUAR,Diesel,Comunitat Valenciana,0031,570,2019-07-06
JAGUAR,Diesel,Extremadura,0003,571,2019-07-06
JAGUAR,Diesel,Galicia,0005,572,2019-07-06
JAGUAR,Diesel,Madrid (Comunidad de),0089,573,2019-07-06
JAGUAR,Diesel,Murcia (Región de),0016,574,2019-07-06
JAGUAR,Diesel,Navarra (Comunidad Foral,de)0007,575,2019-07-06
JAGUAR,Diesel,País Vasco,0010,576,2019-07-06
JAGUAR,Diesel,Rioja (La),0002,577,2019-07-06
JAGUAR,Gasolina,Andalucía,0015,578,2019-07-06
JAGUAR,Gasolina,Asturias (Principado de),0002,579,2019-07-06
JAGUAR,Gasolina,Balears (Illes),0004,580,2019-07-06
JAGUAR,Gasolina,Canarias,0004,581,2019-07-06
JAGUAR,Gasolina,Cantabria,0002,582,2019-07-06
JAGUAR,Gasolina,Castilla y León,0002,583,2019-07-06
JAGUAR,Gasolina,Castilla-La Mancha,0001,584,2019-07-06
JAGUAR,Gasolina,Cataluña,0014,585,2019-07-06
JAGUAR,Gasolina,Comunitat Valenciana,0012,586,2019-07-06
JAGUAR,Gasolina,Galicia,0003,587,2019-07-06
JAGUAR,Gasolina,Madrid (Comunidad de),0019,588,2019-07-06
JAGUAR,Gasolina,Melilla,0001,589,2019-07-06
JAGUAR,Gasolina,Murcia (Región de),0001,590,2019-07-06
JAGUAR,Gasolina,Navarra (Comunidad Foral,de)0002,591,2019-07-06
JAGUAR,Gasolina,País Vasco,0002,592,2019-07-06
JAGUARLANDROV,Diesel,Andalucía,0036,593,2019-07-06
JAGUARLANDROV,Diesel,Aragón,0005,594,2019-07-06
JAGUARLANDROV,Diesel,Asturias (Principado de),0005,595,2019-07-06
JAGUARLANDROV,Diesel,Balears (Illes),0001,596,2019-07-06
JAGUARLANDROV,Diesel,Canarias,0010,597,2019-07-06
JAGUARLANDROV,Diesel,Cantabria,0001,598,2019-07-06
JAGUARLANDROV,Diesel,Castilla y León,0006,599,2019-07-06
JAGUARLANDROV,Diesel,Castilla-La Mancha,0005,600,2019-07-06
JAGUARLANDROV,Diesel,Cataluña,0039,601,2019-07-06
JAGUARLANDROV,Diesel,Comunitat Valenciana,0017,602,2019-07-06
JAGUARLANDROV,Diesel,Extremadura,0006,603,2019-07-06
JAGUARLANDROV,Diesel,Galicia,0010,604,2019-07-06
JAGUARLANDROV,Diesel,Madrid (Comunidad de),0050,605,2019-07-06
JAGUARLANDROV,Diesel,Murcia (Región de),0012,606,2019-07-06
JAGUARLANDROV,Diesel,Navarra (Comunidad Foral,de)0007,607,2019-07-06
JAGUARLANDROV,Diesel,País Vasco,0006,608,2019-07-06
JAGUARLANDROV,Diesel,Rioja (La),0001,609,2019-07-06
JAGUARLANDROV,Gasolina,Andalucía,0004,610,2019-07-06
JAGUARLANDROV,Gasolina,Canarias,0003,611,2019-07-06
JAGUARLANDROV,Gasolina,Cataluña,0003,612,2019-07-06
JAGUARLANDROV,Gasolina,Comunitat Valenciana,0002,613,2019-07-06
JAGUARLANDROV,Gasolina,Galicia,0001,614,2019-07-06
JAGUARLANDROV,Gasolina,Madrid (Comunidad de),0002,615,2019-07-06
JEEP,Diesel,Andalucía,0084,616,2019-07-06
JEEP,Diesel,Aragón,0080,617,2019-07-06
JEEP,Diesel,Asturias (Principado de),0022,618,2019-07-06
JEEP,Diesel,Balears (Illes),0040,619,2019-07-06
JEEP,Diesel,Canarias,0045,620,2019-07-06
JEEP,Diesel,Cantabria,0005,621,2019-07-06
JEEP,Diesel,Castilla y León,0031,622,2019-07-06
JEEP,Diesel,Castilla-La Mancha,0016,623,2019-07-06
JEEP,Diesel,Cataluña,0259,624,2019-07-06
JEEP,Diesel,Ceuta,0001,625,2019-07-06
JEEP,Diesel,Comunitat Valenciana,0074,626,2019-07-06
JEEP,Diesel,Extremadura,0001,627,2019-07-06
JEEP,Diesel,Galicia,0018,628,2019-07-06
JEEP,Diesel,Madrid (Comunidad de),0520,629,2019-07-06
JEEP,Diesel,Melilla,0001,630,2019-07-06
JEEP,Diesel,Murcia (Región de),0022,631,2019-07-06
JEEP,Diesel,País Vasco,0014,632,2019-07-06
JEEP,Diesel,Rioja (La),0001,633,2019-07-06
JEEP,Gasolina,Andalucía,0013,634,2019-07-06
JEEP,Gasolina,Aragón,0001,635,2019-07-06
JEEP,Gasolina,Asturias (Principado de),0001,636,2019-07-06
JEEP,Gasolina,Balears (Illes),0005,637,2019-07-06
JEEP,Gasolina,Canarias,0010,638,2019-07-06
JEEP,Gasolina,Cantabria,0001,639,2019-07-06
JEEP,Gasolina,Castilla-La Mancha,0002,640,2019-07-06
JEEP,Gasolina,Cataluña,0019,641,2019-07-06
JEEP,Gasolina,Comunitat Valenciana,0009,642,2019-07-06
JEEP,Gasolina,Galicia,0004,643,2019-07-06
JEEP,Gasolina,Madrid (Comunidad de),0072,644,2019-07-06
JEEP,Gasolina,Murcia (Región de),0001,645,2019-07-06
JEEP,Gasolina,País Vasco,0004,646,2019-07-06
KIA,Diesel,Andalucía,0999,647,2019-07-06
KIA,Diesel,Aragón,0164,648,2019-07-06
KIA,Diesel,Asturias (Principado de),0131,649,2019-07-06
KIA,Diesel,Balears (Illes),0102,650,2019-07-06
KIA,Diesel,Canarias,0073,651,2019-07-06
KIA,Diesel,Cantabria,0121,652,2019-07-06
KIA,Diesel,Castilla y León,0302,653,2019-07-06
KIA,Diesel,Castilla-La Mancha,0264,654,2019-07-06
KIA,Diesel,Cataluña,0919,655,2019-07-06
KIA,Diesel,Ceuta,0001,656,2019-07-06
KIA,Diesel,Comunitat Valenciana,1385,657,2019-07-06
KIA,Diesel,Extremadura,0135,658,2019-07-06
KIA,Diesel,Galicia,0400,659,2019-07-06
KIA,Diesel,Madrid (Comunidad de),1990,660,2019-07-06
KIA,Diesel,Melilla,0001,661,2019-07-06
KIA,Diesel,Murcia (Región de),0243,662,2019-07-06
KIA,Diesel,Navarra (Comunidad Foral,de)0080,663,2019-07-06
KIA,Diesel,País Vasco,0213,664,2019-07-06
KIA,Diesel,Rioja (La),0041,665,2019-07-06
KIA,Eléctrico,Andalucía,0001,666,2019-07-06
KIA,Eléctrico,Balears (Illes),0002,667,2019-07-06
KIA,Eléctrico,Canarias,0001,668,2019-07-06
KIA,Eléctrico,Cataluña,0014,669,2019-07-06
KIA,Eléctrico,Comunitat Valenciana,0001,670,2019-07-06
KIA,Eléctrico,Galicia,0002,671,2019-07-06
KIA,Eléctrico,Madrid (Comunidad de),0009,672,2019-07-06
KIA,Eléctrico,País Vasco,0001,673,2019-07-06
KIA,Gasolina,Andalucía,0624,674,2019-07-06
KIA,Gasolina,Aragón,0192,675,2019-07-06
KIA,Gasolina,Asturias (Principado de),0077,676,2019-07-06
KIA,Gasolina,Balears (Illes),0217,677,2019-07-06
KIA,Gasolina,Canarias,0410,678,2019-07-06
KIA,Gasolina,Cantabria,0060,679,2019-07-06
KIA,Gasolina,Castilla y León,0189,680,2019-07-06
KIA,Gasolina,Castilla-La Mancha,0148,681,2019-07-06
KIA,Gasolina,Cataluña,1020,682,2019-07-06
KIA,Gasolina,Ceuta,0006,683,2019-07-06
KIA,Gasolina,Comunitat Valenciana,1265,684,2019-07-06
KIA,Gasolina,Extremadura,0052,685,2019-07-06
KIA,Gasolina,Galicia,0204,686,2019-07-06
KIA,Gasolina,Madrid (Comunidad de),1238,687,2019-07-06
KIA,Gasolina,Melilla,0022,688,2019-07-06
KIA,Gasolina,Murcia (Región de),0144,689,2019-07-06
KIA,Gasolina,Navarra (Comunidad Foral,de)0052,690,2019-07-06
KIA,Gasolina,País Vasco,0222,691,2019-07-06
KIA,Gasolina,Rioja (La),0029,692,2019-07-06
KIAMOTORROK,Diesel,Cataluña,0001,693,2019-07-06
KIAMOTORROK,Diesel,Comunitat Valenciana,0001,694,2019-07-06
KIAMOTORROK,Diesel,Madrid (Comunidad de),0001,695,2019-07-06
KIAMOTORROK,Gasolina,Canarias,0001,696,2019-07-06
LAMBORGHINI,Gasolina,Canarias,0001,697,2019-07-06
LAMBORGHINI,Gasolina,Castilla-La Mancha,0001,698,2019-07-06
LAMBORGHINI,Gasolina,Cataluña,0001,699,2019-07-06
LAMBORGHINI,Gasolina,Madrid (Comunidad de),0003,700,2019-07-06
LANCIA,Diesel,Aragón,0001,701,2019-07-06
LANCIA,Diesel,Canarias,0003,702,2019-07-06
LANCIA,Diesel,Castilla-La Mancha,0001,703,2019-07-06
LANCIA,Diesel,Comunitat Valenciana,0003,704,2019-07-06
LANCIA,Diesel,Extremadura,0001,705,2019-07-06
LANCIA,Diesel,Madrid (Comunidad de),0006,706,2019-07-06
LANCIA,Diesel,Murcia (Región de),0001,707,2019-07-06
LANCIA,Gasolina,Andalucía,0009,708,2019-07-06
LANCIA,Gasolina,Aragón,0037,709,2019-07-06
LANCIA,Gasolina,Asturias (Principado de),0001,710,2019-07-06
LANCIA,Gasolina,Balears (Illes),0001,711,2019-07-06
LANCIA,Gasolina,Canarias,0004,712,2019-07-06
LANCIA,Gasolina,Castilla-La Mancha,0002,713,2019-07-06
LANCIA,Gasolina,Cataluña,0007,714,2019-07-06
LANCIA,Gasolina,Comunitat Valenciana,0005,715,2019-07-06
LANCIA,Gasolina,Galicia,0002,716,2019-07-06
LANCIA,Gasolina,Madrid (Comunidad de),0040,717,2019-07-06
LANCIA,Gasolina,Murcia (Región de),0004,718,2019-07-06
LANCIA,Gasolina,País Vasco,0001,719,2019-07-06
LANDROVER,Diesel,Andalucía,0099,720,2019-07-06
LANDROVER,Diesel,Aragón,0012,721,2019-07-06
LANDROVER,Diesel,Asturias (Principado de),0005,722,2019-07-06
LANDROVER,Diesel,Balears (Illes),0027,723,2019-07-06
LANDROVER,Diesel,Canarias,0024,724,2019-07-06
LANDROVER,Diesel,Cantabria,0002,725,2019-07-06
LANDROVER,Diesel,Castilla y León,0007,726,2019-07-06
LANDROVER,Diesel,Castilla-La Mancha,0021,727,2019-07-06
LANDROVER,Diesel,Cataluña,0108,728,2019-07-06
LANDROVER,Diesel,Ceuta,0002,729,2019-07-06
LANDROVER,Diesel,Comunitat Valenciana,0075,730,2019-07-06
LANDROVER,Diesel,Extremadura,0011,731,2019-07-06
LANDROVER,Diesel,Galicia,0017,732,2019-07-06
LANDROVER,Diesel,Madrid (Comunidad de),0198,733,2019-07-06
LANDROVER,Diesel,Melilla,0002,734,2019-07-06
LANDROVER,Diesel,Murcia (Región de),0017,735,2019-07-06
LANDROVER,Diesel,Navarra (Comunidad Foral,de)0005,736,2019-07-06
LANDROVER,Diesel,País Vasco,0016,737,2019-07-06
LANDROVER,Diesel,Rioja (La),0001,738,2019-07-06
LANDROVER,Gasolina,Andalucía,0001,739,2019-07-06
LANDROVER,Gasolina,Balears (Illes),0001,740,2019-07-06
LANDROVER,Gasolina,Canarias,0002,741,2019-07-06
LEXUS,Diesel,Andalucía,0001,742,2019-07-06
LEXUS,Gasolina,Andalucía,0114,743,2019-07-06
LEXUS,Gasolina,Aragón,0031,744,2019-07-06
LEXUS,Gasolina,Asturias (Principado de),0022,745,2019-07-06
LEXUS,Gasolina,Balears (Illes),0026,746,2019-07-06
LEXUS,Gasolina,Canarias,0022,747,2019-07-06
LEXUS,Gasolina,Cantabria,0020,748,2019-07-06
LEXUS,Gasolina,Castilla y León,0036,749,2019-07-06
LEXUS,Gasolina,Castilla-La Mancha,0023,750,2019-07-06
LEXUS,Gasolina,Cataluña,0298,751,2019-07-06
LEXUS,Gasolina,Comunitat Valenciana,0147,752,2019-07-06
LEXUS,Gasolina,Extremadura,0005,753,2019-07-06
LEXUS,Gasolina,Galicia,0060,754,2019-07-06
LEXUS,Gasolina,Madrid (Comunidad de),0451,755,2019-07-06
LEXUS,Gasolina,Murcia (Región de),0046,756,2019-07-06
LEXUS,Gasolina,Navarra (Comunidad Foral,de)0012,757,2019-07-06
LEXUS,Gasolina,País Vasco,0052,758,2019-07-06
LEXUS,Gasolina,Rioja (La),0016,759,2019-07-06
LINCOLN,Gasolina,Andalucía,0001,760,2019-07-06
LINCOLN,Gasolina,Madrid (Comunidad de),0001,761,2019-07-06
LONDONTAXISIN,Diesel,Balears (Illes),0001,762,2019-07-06
LOTUS,Gasolina,Balears (Illes),0001,763,2019-07-06
LOTUS,Gasolina,Cataluña,0002,764,2019-07-06
LOTUS,Gasolina,Murcia (Región de),0001,765,2019-07-06
LOTUSCARSLTD,Gasolina,Cataluña,0001,766,2019-07-06
MAHINDRA,Diesel,Andalucía,0005,767,2019-07-06
MAHINDRA,Diesel,Aragón,0001,768,2019-07-06
MAHINDRA,Diesel,Castilla y León,0002,769,2019-07-06
MAHINDRA,Diesel,Cataluña,0011,770,2019-07-06
MAHINDRA,Diesel,Comunitat Valenciana,0001,771,2019-07-06
MASERATI,Diesel,Andalucía,0007,772,2019-07-06
MASERATI,Diesel,Aragón,0003,773,2019-07-06
MASERATI,Diesel,Balears (Illes),0001,774,2019-07-06
MASERATI,Diesel,Castilla-La Mancha,0001,775,2019-07-06
MASERATI,Diesel,Cataluña,0008,776,2019-07-06
MASERATI,Diesel,Comunitat Valenciana,0001,777,2019-07-06
MASERATI,Diesel,Galicia,0002,778,2019-07-06
MASERATI,Diesel,Madrid (Comunidad de),0003,779,2019-07-06
MASERATI,Diesel,Murcia (Región de),0001,780,2019-07-06
MASERATI,Diesel,País Vasco,0003,781,2019-07-06
MASERATI,Gasolina,Andalucía,0004,782,2019-07-06
MASERATI,Gasolina,Aragón,0002,783,2019-07-06
MASERATI,Gasolina,Canarias,0001,784,2019-07-06
MASERATI,Gasolina,Castilla y León,0001,785,2019-07-06
MASERATI,Gasolina,Cataluña,0005,786,2019-07-06
MASERATI,Gasolina,Ceuta,0001,787,2019-07-06
MASERATI,Gasolina,Comunitat Valenciana,0002,788,2019-07-06
MASERATI,Gasolina,Galicia,0001,789,2019-07-06
MASERATI,Gasolina,Madrid (Comunidad de),0010,790,2019-07-06
MASERATI,Gasolina,País Vasco,0002,791,2019-07-06
MAZDA,Diesel,Andalucía,0232,792,2019-07-06
MAZDA,Diesel,Aragón,0090,793,2019-07-06
MAZDA,Diesel,Asturias (Principado de),0036,794,2019-07-06
MAZDA,Diesel,Balears (Illes),0072,795,2019-07-06
MAZDA,Diesel,Canarias,0038,796,2019-07-06
MAZDA,Diesel,Cantabria,0039,797,2019-07-06
MAZDA,Diesel,Castilla y León,0097,798,2019-07-06
MAZDA,Diesel,Castilla-La Mancha,0072,799,2019-07-06
MAZDA,Diesel,Cataluña,0482,800,2019-07-06
MAZDA,Diesel,Ceuta,0002,801,2019-07-06
MAZDA,Diesel,Comunitat Valenciana,0272,802,2019-07-06
MAZDA,Diesel,Extremadura,0016,803,2019-07-06
MAZDA,Diesel,Galicia,0168,804,2019-07-06
MAZDA,Diesel,Madrid (Comunidad de),0635,805,2019-07-06
MAZDA,Diesel,Murcia (Región de),0052,806,2019-07-06
MAZDA,Diesel,Navarra (Comunidad Foral,de)0024,807,2019-07-06
MAZDA,Diesel,País Vasco,0150,808,2019-07-06
MAZDA,Diesel,Rioja (La),0013,809,2019-07-06
MAZDA,Gasolina,Andalucía,0227,810,2019-07-06
MAZDA,Gasolina,Aragón,0102,811,2019-07-06
MAZDA,Gasolina,Asturias (Principado de),0029,812,2019-07-06
MAZDA,Gasolina,Balears (Illes),0072,813,2019-07-06
MAZDA,Gasolina,Canarias,0170,814,2019-07-06
MAZDA,Gasolina,Cantabria,0020,815,2019-07-06
MAZDA,Gasolina,Castilla y León,0096,816,2019-07-06
MAZDA,Gasolina,Castilla-La Mancha,0059,817,2019-07-06
MAZDA,Gasolina,Cataluña,0536,818,2019-07-06
MAZDA,Gasolina,Comunitat Valenciana,0290,819,2019-07-06
MAZDA,Gasolina,Extremadura,0016,820,2019-07-06
MAZDA,Gasolina,Galicia,0138,821,2019-07-06
MAZDA,Gasolina,Madrid (Comunidad de),0562,822,2019-07-06
MAZDA,Gasolina,Murcia (Región de),0050,823,2019-07-06
MAZDA,Gasolina,Navarra (Comunidad Foral,de)0058,824,2019-07-06
MAZDA,Gasolina,País Vasco,0148,825,2019-07-06
MAZDA,Gasolina,Rioja (La),0024,826,2019-07-06
MCCSMART,Diesel,Andalucía,0001,827,2019-07-06
MCCSMART,Gasolina,Andalucía,0001,828,2019-07-06
MCCSMART,Gasolina,Cataluña,0001,829,2019-07-06
MCLAREN,Gasolina,Andalucía,0001,830,2019-07-06
MERCEDESAMG,Diesel,Andalucía,0002,831,2019-07-06
MERCEDESAMG,Diesel,Canarias,0001,832,2019-07-06
MERCEDESAMG,Diesel,Comunitat Valenciana,0001,833,2019-07-06
MERCEDESAMG,Gasolina,Andalucía,0003,834,2019-07-06
MERCEDESAMG,Gasolina,Aragón,0002,835,2019-07-06
MERCEDESAMG,Gasolina,Canarias,0001,836,2019-07-06
MERCEDESAMG,Gasolina,Castilla y León,0001,837,2019-07-06
MERCEDESAMG,Gasolina,Cataluña,0006,838,2019-07-06
MERCEDESAMG,Gasolina,Comunitat Valenciana,0002,839,2019-07-06
MERCEDESAMG,Gasolina,Madrid (Comunidad de),0011,840,2019-07-06
MERCEDESBENZ,Diesel,Andalucía,1952,841,2019-07-06
MERCEDESBENZ,Diesel,Aragón,0307,842,2019-07-06
MERCEDESBENZ,Diesel,Asturias (Principado de),0230,843,2019-07-06
MERCEDESBENZ,Diesel,Balears (Illes),0228,844,2019-07-06
MERCEDESBENZ,Diesel,Canarias,0235,845,2019-07-06
MERCEDESBENZ,Diesel,Cantabria,0142,846,2019-07-06
MERCEDESBENZ,Diesel,Castilla y León,0478,847,2019-07-06
MERCEDESBENZ,Diesel,Castilla-La Mancha,0455,848,2019-07-06
MERCEDESBENZ,Diesel,Cataluña,1860,849,2019-07-06
MERCEDESBENZ,Diesel,Ceuta,0032,850,2019-07-06
MERCEDESBENZ,Diesel,Comunitat Valenciana,1630,851,2019-07-06
MERCEDESBENZ,Diesel,Extremadura,0150,852,2019-07-06
MERCEDESBENZ,Diesel,Galicia,0709,853,2019-07-06
MERCEDESBENZ,Diesel,Madrid (Comunidad de),4037,854,2019-07-06
MERCEDESBENZ,Diesel,Melilla,0065,855,2019-07-06
MERCEDESBENZ,Diesel,Murcia (Región de),0456,856,2019-07-06
MERCEDESBENZ,Diesel,Navarra (Comunidad Foral,de)0124,857,2019-07-06
MERCEDESBENZ,Diesel,País Vasco,0418,858,2019-07-06
MERCEDESBENZ,Diesel,Rioja (La),0044,859,2019-07-06
MERCEDESBENZ,Eléctrico,Balears (Illes),0001,860,2019-07-06
MERCEDESBENZ,Eléctrico,Castilla-La Mancha,0001,861,2019-07-06
MERCEDESBENZ,Eléctrico,Cataluña,0004,862,2019-07-06
MERCEDESBENZ,Eléctrico,Madrid (Comunidad de),0012,863,2019-07-06
MERCEDESBENZ,Eléctrico,Murcia (Región de),0001,864,2019-07-06
MERCEDESBENZ,Eléctrico,Navarra (Comunidad Foral,de)0001,865,2019-07-06
MERCEDESBENZ,Gas Licuado,PetroleoBalears (Illes),0001,866,2019-07-06
MERCEDESBENZ,Gas Natural,primido Andalucía,0001,867,2019-07-06
MERCEDESBENZ,Gasolina,Andalucía,0142,868,2019-07-06
MERCEDESBENZ,Gasolina,Aragón,0028,869,2019-07-06
MERCEDESBENZ,Gasolina,Asturias (Principado de),0019,870,2019-07-06
MERCEDESBENZ,Gasolina,Balears (Illes),0037,871,2019-07-06
MERCEDESBENZ,Gasolina,Canarias,0095,872,2019-07-06
MERCEDESBENZ,Gasolina,Cantabria,0013,873,2019-07-06
MERCEDESBENZ,Gasolina,Castilla y León,0054,874,2019-07-06
MERCEDESBENZ,Gasolina,Castilla-La Mancha,0021,875,2019-07-06
MERCEDESBENZ,Gasolina,Cataluña,0191,876,2019-07-06
MERCEDESBENZ,Gasolina,Ceuta,0005,877,2019-07-06
MERCEDESBENZ,Gasolina,Comunitat Valenciana,0143,878,2019-07-06
MERCEDESBENZ,Gasolina,Extremadura,0008,879,2019-07-06
MERCEDESBENZ,Gasolina,Galicia,0041,880,2019-07-06
MERCEDESBENZ,Gasolina,Madrid (Comunidad de),0234,881,2019-07-06
MERCEDESBENZ,Gasolina,Melilla,0010,882,2019-07-06
MERCEDESBENZ,Gasolina,Murcia (Región de),0018,883,2019-07-06
MERCEDESBENZ,Gasolina,Navarra (Comunidad Foral,de)0011,884,2019-07-06
MERCEDESBENZ,Gasolina,País Vasco,0045,885,2019-07-06
MERCEDESBENZ,Gasolina,Rioja (La),0007,886,2019-07-06
MERCEDESBENZ,Sin especif,Ceuta,0001,887,2019-07-06
MG,Diesel,Murcia (Región de),0001,888,2019-07-06
MG,Gasolina,Andalucía,0002,889,2019-07-06
MG,Gasolina,Cataluña,0003,890,2019-07-06
MG,Gasolina,Comunitat Valenciana,0002,891,2019-07-06
MG,Gasolina,Galicia,0002,892,2019-07-06
MG,Gasolina,Madrid (Comunidad de),0001,893,2019-07-06
MG,Gasolina,Murcia (Región de),0002,894,2019-07-06
MICROCOMPACTC,Diesel,Extremadura,0001,895,2019-07-06
MICROCOMPACTC,Diesel,Galicia,0001,896,2019-07-06
MICROCOMPACTC,Gasolina,Andalucía,0001,897,2019-07-06
MICROCOMPACTC,Gasolina,Madrid (Comunidad de),0001,898,2019-07-06
MICROCOMPACTC,Gasolina,Navarra (Comunidad Foral,de)0001,899,2019-07-06
MINI,Diesel,Andalucía,0159,900,2019-07-06
MINI,Diesel,Aragón,0011,901,2019-07-06
MINI,Diesel,Asturias (Principado de),0032,902,2019-07-06
MINI,Diesel,Balears (Illes),0086,903,2019-07-06
MINI,Diesel,Canarias,0023,904,2019-07-06
MINI,Diesel,Cantabria,0010,905,2019-07-06
MINI,Diesel,Castilla y León,0026,906,2019-07-06
MINI,Diesel,Castilla-La Mancha,0025,907,2019-07-06
MINI,Diesel,Cataluña,0309,908,2019-07-06
MINI,Diesel,Comunitat Valenciana,0086,909,2019-07-06
MINI,Diesel,Extremadura,0008,910,2019-07-06
MINI,Diesel,Galicia,0044,911,2019-07-06
MINI,Diesel,Madrid (Comunidad de),1139,912,2019-07-06
MINI,Diesel,Murcia (Región de),0021,913,2019-07-06
MINI,Diesel,Navarra (Comunidad Foral,de)0005,914,2019-07-06
MINI,Diesel,País Vasco,0028,915,2019-07-06
MINI,Diesel,Rioja (La),0002,916,2019-07-06
MINI,Gasolina,Andalucía,0096,917,2019-07-06
MINI,Gasolina,Aragón,0011,918,2019-07-06
MINI,Gasolina,Asturias (Principado de),0013,919,2019-07-06
MINI,Gasolina,Balears (Illes),0071,920,2019-07-06
MINI,Gasolina,Canarias,0061,921,2019-07-06
MINI,Gasolina,Cantabria,0008,922,2019-07-06
MINI,Gasolina,Castilla y León,0028,923,2019-07-06
MINI,Gasolina,Castilla-La Mancha,0016,924,2019-07-06
MINI,Gasolina,Cataluña,0185,925,2019-07-06
MINI,Gasolina,Comunitat Valenciana,0091,926,2019-07-06
MINI,Gasolina,Extremadura,0007,927,2019-07-06
MINI,Gasolina,Galicia,0045,928,2019-07-06
MINI,Gasolina,Madrid (Comunidad de),0361,929,2019-07-06
MINI,Gasolina,Melilla,0002,930,2019-07-06
MINI,Gasolina,Murcia (Región de),0024,931,2019-07-06
MINI,Gasolina,Navarra (Comunidad Foral,de)0008,932,2019-07-06
MINI,Gasolina,País Vasco,0040,933,2019-07-06
MINI,Gasolina,Rioja (La),0004,934,2019-07-06
MITSUBISHI,Diesel,Andalucía,0237,935,2019-07-06
MITSUBISHI,Diesel,Aragón,0032,936,2019-07-06
MITSUBISHI,Diesel,Asturias (Principado de),0015,937,2019-07-06
MITSUBISHI,Diesel,Balears (Illes),0027,938,2019-07-06
MITSUBISHI,Diesel,Canarias,0042,939,2019-07-06
MITSUBISHI,Diesel,Cantabria,0017,940,2019-07-06
MITSUBISHI,Diesel,Castilla y León,0063,941,2019-07-06
MITSUBISHI,Diesel,Castilla-La Mancha,0096,942,2019-07-06
MITSUBISHI,Diesel,Cataluña,0148,943,2019-07-06
MITSUBISHI,Diesel,Ceuta,0005,944,2019-07-06
MITSUBISHI,Diesel,Comunitat Valenciana,0082,945,2019-07-06
MITSUBISHI,Diesel,Extremadura,0025,946,2019-07-06
MITSUBISHI,Diesel,Galicia,0022,947,2019-07-06
MITSUBISHI,Diesel,Madrid (Comunidad de),0186,948,2019-07-06
MITSUBISHI,Diesel,Melilla,0009,949,2019-07-06
MITSUBISHI,Diesel,Murcia (Región de),0028,950,2019-07-06
MITSUBISHI,Diesel,Navarra (Comunidad Foral,de)0008,951,2019-07-06
MITSUBISHI,Diesel,País Vasco,0060,952,2019-07-06
MITSUBISHI,Diesel,Rioja (La),0008,953,2019-07-06
MITSUBISHI,Eléctrico,Andalucía,0011,954,2019-07-06
MITSUBISHI,Eléctrico,Aragón,0002,955,2019-07-06
MITSUBISHI,Eléctrico,Asturias (Principado de),0001,956,2019-07-06
MITSUBISHI,Eléctrico,Canarias,0002,957,2019-07-06
MITSUBISHI,Eléctrico,Castilla y León,0005,958,2019-07-06
MITSUBISHI,Eléctrico,Castilla-La Mancha,0016,959,2019-07-06
MITSUBISHI,Eléctrico,Cataluña,0025,960,2019-07-06
MITSUBISHI,Eléctrico,Comunitat Valenciana,0011,961,2019-07-06
MITSUBISHI,Eléctrico,Galicia,0001,962,2019-07-06
MITSUBISHI,Eléctrico,Madrid (Comunidad de),0026,963,2019-07-06
MITSUBISHI,Eléctrico,Murcia (Región de),0009,964,2019-07-06
MITSUBISHI,Eléctrico,Navarra (Comunidad Foral,de)0001,965,2019-07-06
MITSUBISHI,Eléctrico,País Vasco,0007,966,2019-07-06
MITSUBISHI,Gasolina,Andalucía,0123,967,2019-07-06
MITSUBISHI,Gasolina,Aragón,0018,968,2019-07-06
MITSUBISHI,Gasolina,Asturias (Principado de),0007,969,2019-07-06
MITSUBISHI,Gasolina,Balears (Illes),0032,970,2019-07-06
MITSUBISHI,Gasolina,Canarias,0075,971,2019-07-06
MITSUBISHI,Gasolina,Cantabria,0006,972,2019-07-06
MITSUBISHI,Gasolina,Castilla y León,0031,973,2019-07-06
MITSUBISHI,Gasolina,Castilla-La Mancha,0036,974,2019-07-06
MITSUBISHI,Gasolina,Cataluña,0115,975,2019-07-06
MITSUBISHI,Gasolina,Ceuta,0006,976,2019-07-06
MITSUBISHI,Gasolina,Comunitat Valenciana,0088,977,2019-07-06
MITSUBISHI,Gasolina,Extremadura,0005,978,2019-07-06
MITSUBISHI,Gasolina,Galicia,0007,979,2019-07-06
MITSUBISHI,Gasolina,Madrid (Comunidad de),0102,980,2019-07-06
MITSUBISHI,Gasolina,Melilla,0006,981,2019-07-06
MITSUBISHI,Gasolina,Murcia (Región de),0010,982,2019-07-06
MITSUBISHI,Gasolina,Navarra (Comunidad Foral,de)0010,983,2019-07-06
MITSUBISHI,Gasolina,País Vasco,0041,984,2019-07-06
MITSUBISHI,Gasolina,Rioja (La),0007,985,2019-07-06
MORGAN,Gasolina,Canarias,0001,986,2019-07-06
MORGAN,Gasolina,Madrid (Comunidad de),0002,987,2019-07-06
MORRIS,Gasolina,Comunitat Valenciana,0001,988,2019-07-06
NISSAN,Diesel,Andalucía,1029,989,2019-07-06
NISSAN,Diesel,Aragón,0159,990,2019-07-06
NISSAN,Diesel,Asturias (Principado de),0169,991,2019-07-06
NISSAN,Diesel,Balears (Illes),0143,992,2019-07-06
NISSAN,Diesel,Canarias,0184,993,2019-07-06
NISSAN,Diesel,Cantabria,0055,994,2019-07-06
NISSAN,Diesel,Castilla y León,0227,995,2019-07-06
NISSAN,Diesel,Castilla-La Mancha,0175,996,2019-07-06
NISSAN,Diesel,Cataluña,1433,997,2019-07-06
NISSAN,Diesel,Ceuta,0010,998,2019-07-06
NISSAN,Diesel,Comunitat Valenciana,1106,999,2019-07-06
NISSAN,Diesel,Extremadura,0108,1000,2019-07-06
NISSAN,Diesel,Galicia,0285,1001,2019-07-06
NISSAN,Diesel,Madrid (Comunidad de),3612,1002,2019-07-06
NISSAN,Diesel,Melilla,0001,1003,2019-07-06
NISSAN,Diesel,Murcia (Región de),0201,1004,2019-07-06
NISSAN,Diesel,Navarra (Comunidad Foral,de)0075,1005,2019-07-06
NISSAN,Diesel,País Vasco,0255,1006,2019-07-06
NISSAN,Diesel,Rioja (La),0023,1007,2019-07-06
NISSAN,Eléctrico,Andalucía,0012,1008,2019-07-06
NISSAN,Eléctrico,Aragón,0001,1009,2019-07-06
NISSAN,Eléctrico,Asturias (Principado de),0001,1010,2019-07-06
NISSAN,Eléctrico,Balears (Illes),0004,1011,2019-07-06
NISSAN,Eléctrico,Canarias,0006,1012,2019-07-06
NISSAN,Eléctrico,Cantabria,0003,1013,2019-07-06
NISSAN,Eléctrico,Castilla y León,0007,1014,2019-07-06
NISSAN,Eléctrico,Castilla-La Mancha,0002,1015,2019-07-06
NISSAN,Eléctrico,Cataluña,0131,1016,2019-07-06
NISSAN,Eléctrico,Comunitat Valenciana,0012,1017,2019-07-06
NISSAN,Eléctrico,Extremadura,0001,1018,2019-07-06
NISSAN,Eléctrico,Galicia,0006,1019,2019-07-06
NISSAN,Eléctrico,Madrid (Comunidad de),0038,1020,2019-07-06
NISSAN,Eléctrico,Murcia (Región de),0003,1021,2019-07-06
NISSAN,Eléctrico,Navarra (Comunidad Foral,de)0002,1022,2019-07-06
NISSAN,Eléctrico,País Vasco,0004,1023,2019-07-06
NISSAN,Gasolina,Andalucía,0576,1024,2019-07-06
NISSAN,Gasolina,Aragón,0088,1025,2019-07-06
NISSAN,Gasolina,Asturias (Principado de),0082,1026,2019-07-06
NISSAN,Gasolina,Balears (Illes),0204,1027,2019-07-06
NISSAN,Gasolina,Canarias,0566,1028,2019-07-06
NISSAN,Gasolina,Cantabria,0051,1029,2019-07-06
NISSAN,Gasolina,Castilla y León,0139,1030,2019-07-06
NISSAN,Gasolina,Castilla-La Mancha,0078,1031,2019-07-06
NISSAN,Gasolina,Cataluña,0915,1032,2019-07-06
NISSAN,Gasolina,Ceuta,0011,1033,2019-07-06
NISSAN,Gasolina,Comunitat Valenciana,0864,1034,2019-07-06
NISSAN,Gasolina,Extremadura,0053,1035,2019-07-06
NISSAN,Gasolina,Galicia,0122,1036,2019-07-06
NISSAN,Gasolina,Madrid (Comunidad de),1517,1037,2019-07-06
NISSAN,Gasolina,Melilla,0009,1038,2019-07-06
NISSAN,Gasolina,Murcia (Región de),0079,1039,2019-07-06
NISSAN,Gasolina,Navarra (Comunidad Foral,de)0057,1040,2019-07-06
NISSAN,Gasolina,País Vasco,0208,1041,2019-07-06
NISSAN,Gasolina,Rioja (La),0030,1042,2019-07-06
OPEL,Diesel,Andalucía,1136,1043,2019-07-06
OPEL,Diesel,Aragón,0405,1044,2019-07-06
OPEL,Diesel,Asturias (Principado de),0200,1045,2019-07-06
OPEL,Diesel,Balears (Illes),0132,1046,2019-07-06
OPEL,Diesel,Canarias,0189,1047,2019-07-06
OPEL,Diesel,Cantabria,0089,1048,2019-07-06
OPEL,Diesel,Castilla y León,0286,1049,2019-07-06
OPEL,Diesel,Castilla-La Mancha,0283,1050,2019-07-06
OPEL,Diesel,Cataluña,1015,1051,2019-07-06
OPEL,Diesel,Ceuta,0008,1052,2019-07-06
OPEL,Diesel,Comunitat Valenciana,1367,1053,2019-07-06
OPEL,Diesel,Extremadura,0216,1054,2019-07-06
OPEL,Diesel,Galicia,0405,1055,2019-07-06
OPEL,Diesel,Madrid (Comunidad de),3669,1056,2019-07-06
OPEL,Diesel,Melilla,0004,1057,2019-07-06
OPEL,Diesel,Murcia (Región de),0218,1058,2019-07-06
OPEL,Diesel,Navarra (Comunidad Foral,de)0086,1059,2019-07-06
OPEL,Diesel,País Vasco,0437,1060,2019-07-06
OPEL,Diesel,Rioja (La),0064,1061,2019-07-06
OPEL,Eléctrico,Cantabria,0001,1062,2019-07-06
OPEL,Eléctrico,Cataluña,0001,1063,2019-07-06
OPEL,Eléctrico,Comunitat Valenciana,0001,1064,2019-07-06
OPEL,Eléctrico,Madrid (Comunidad de),0002,1065,2019-07-06
OPEL,Gas Licuado,PetroleoAndalucía,0010,1066,2019-07-06
OPEL,Gas Licuado,PetroleoAragón,0003,1067,2019-07-06
OPEL,Gas Licuado,PetroleoBalears (Illes),0003,1068,2019-07-06
OPEL,Gas Licuado,PetroleoCanarias,0020,1069,2019-07-06
OPEL,Gas Licuado,PetroleoCantabria,0001,1070,2019-07-06
OPEL,Gas Licuado,PetroleoCastilla y León,0005,1071,2019-07-06
OPEL,Gas Licuado,PetroleoCastilla-La Mancha,0002,1072,2019-07-06
OPEL,Gas Licuado,PetroleoCataluña,0017,1073,2019-07-06
OPEL,Gas Licuado,PetroleoComunitat Valenciana,0052,1074,2019-07-06
OPEL,Gas Licuado,PetroleoExtremadura,0002,1075,2019-07-06
OPEL,Gas Licuado,PetroleoGalicia,0019,1076,2019-07-06
OPEL,Gas Licuado,PetroleoMadrid (Comunidad de),0039,1077,2019-07-06
OPEL,Gas Licuado,PetroleoMurcia (Región de),0003,1078,2019-07-06
OPEL,Gas Licuado,PetroleoNavarra (Comunidad Foral,de)0003,1079,2019-07-06
OPEL,Gas Licuado,PetroleoPaís Vasco,0003,1080,2019-07-06
OPEL,Gas Licuado,PetroleoRioja (La),0001,1081,2019-07-06
OPEL,Gas Natural,uado    Andalucía,0001,1082,2019-07-06
OPEL,Gasolina,Andalucía,0907,1083,2019-07-06
OPEL,Gasolina,Aragón,0287,1084,2019-07-06
OPEL,Gasolina,Asturias (Principado de),0123,1085,2019-07-06
OPEL,Gasolina,Balears (Illes),0698,1086,2019-07-06
OPEL,Gasolina,Canarias,0848,1087,2019-07-06
OPEL,Gasolina,Cantabria,0086,1088,2019-07-06
OPEL,Gasolina,Castilla y León,0215,1089,2019-07-06
OPEL,Gasolina,Castilla-La Mancha,0129,1090,2019-07-06
OPEL,Gasolina,Cataluña,1157,1091,2019-07-06
OPEL,Gasolina,Ceuta,0016,1092,2019-07-06
OPEL,Gasolina,Comunitat Valenciana,1916,1093,2019-07-06
OPEL,Gasolina,Extremadura,0078,1094,2019-07-06
OPEL,Gasolina,Galicia,0243,1095,2019-07-06
OPEL,Gasolina,Madrid (Comunidad de),7546,1096,2019-07-06
OPEL,Gasolina,Melilla,0013,1097,2019-07-06
OPEL,Gasolina,Murcia (Región de),0156,1098,2019-07-06
OPEL,Gasolina,Navarra (Comunidad Foral,de)0124,1099,2019-07-06
OPEL,Gasolina,País Vasco,0377,1100,2019-07-06
OPEL,Gasolina,Rioja (La),0047,1101,2019-07-06
PEUGEOT,Diesel,Andalucía,1974,1102,2019-07-06
PEUGEOT,Diesel,Aragón,0382,1103,2019-07-06
PEUGEOT,Diesel,Asturias (Principado de),0226,1104,2019-07-06
PEUGEOT,Diesel,Balears (Illes),0313,1105,2019-07-06
PEUGEOT,Diesel,Canarias,0118,1106,2019-07-06
PEUGEOT,Diesel,Cantabria,0147,1107,2019-07-06
PEUGEOT,Diesel,Castilla y León,0545,1108,2019-07-06
PEUGEOT,Diesel,Castilla-La Mancha,1178,1109,2019-07-06
PEUGEOT,Diesel,Cataluña,1983,1110,2019-07-06
PEUGEOT,Diesel,Ceuta,0013,1111,2019-07-06
PEUGEOT,Diesel,Comunitat Valenciana,2673,1112,2019-07-06
PEUGEOT,Diesel,Extremadura,0208,1113,2019-07-06
PEUGEOT,Diesel,Galicia,0808,1114,2019-07-06
PEUGEOT,Diesel,Madrid (Comunidad de),5022,1115,2019-07-06
PEUGEOT,Diesel,Melilla,0007,1116,2019-07-06
PEUGEOT,Diesel,Murcia (Región de),0471,1117,2019-07-06
PEUGEOT,Diesel,Navarra (Comunidad Foral,de)0245,1118,2019-07-06
PEUGEOT,Diesel,País Vasco,0587,1119,2019-07-06
PEUGEOT,Diesel,Rioja (La),0083,1120,2019-07-06
PEUGEOT,Eléctrico,Madrid (Comunidad de),0001,1121,2019-07-06
PEUGEOT,Gas Natural,uado    Castilla y León,0002,1122,2019-07-06
PEUGEOT,Gas Natural,uado    Cataluña,0001,1123,2019-07-06
PEUGEOT,Gas Natural,uado    País Vasco,0001,1124,2019-07-06
PEUGEOT,Gasolina,Andalucía,0898,1125,2019-07-06
PEUGEOT,Gasolina,Aragón,0285,1126,2019-07-06
PEUGEOT,Gasolina,Asturias (Principado de),0096,1127,2019-07-06
PEUGEOT,Gasolina,Balears (Illes),0485,1128,2019-07-06
PEUGEOT,Gasolina,Canarias,0375,1129,2019-07-06
PEUGEOT,Gasolina,Cantabria,0066,1130,2019-07-06
PEUGEOT,Gasolina,Castilla y León,0243,1131,2019-07-06
PEUGEOT,Gasolina,Castilla-La Mancha,0521,1132,2019-07-06
PEUGEOT,Gasolina,Cataluña,1484,1133,2019-07-06
PEUGEOT,Gasolina,Ceuta,0005,1134,2019-07-06
PEUGEOT,Gasolina,Comunitat Valenciana,1054,1135,2019-07-06
PEUGEOT,Gasolina,Extremadura,0078,1136,2019-07-06
PEUGEOT,Gasolina,Galicia,0275,1137,2019-07-06
PEUGEOT,Gasolina,Madrid (Comunidad de),1948,1138,2019-07-06
PEUGEOT,Gasolina,Melilla,0011,1139,2019-07-06
PEUGEOT,Gasolina,Murcia (Región de),0131,1140,2019-07-06
PEUGEOT,Gasolina,Navarra (Comunidad Foral,de)0140,1141,2019-07-06
PEUGEOT,Gasolina,País Vasco,0461,1142,2019-07-06
PEUGEOT,Gasolina,Rioja (La),0054,1143,2019-07-06
PLYMOUTH,Gasolina,Castilla-La Mancha,0001,1144,2019-07-06
POESSL,Diesel,Madrid (Comunidad de),0002,1145,2019-07-06
PONTIAC,Gasolina,Comunitat Valenciana,0002,1146,2019-07-06
PONTIAC,Gasolina,Galicia,0001,1147,2019-07-06
PONTIAC,Gasolina,Madrid (Comunidad de),0003,1148,2019-07-06
PORSCHE,Diesel,Andalucía,0033,1149,2019-07-06
PORSCHE,Diesel,Aragón,0002,1150,2019-07-06
PORSCHE,Diesel,Asturias (Principado de),0005,1151,2019-07-06
PORSCHE,Diesel,Balears (Illes),0007,1152,2019-07-06
PORSCHE,Diesel,Canarias,0003,1153,2019-07-06
PORSCHE,Diesel,Cantabria,0001,1154,2019-07-06
PORSCHE,Diesel,Castilla y León,0008,1155,2019-07-06
PORSCHE,Diesel,Castilla-La Mancha,0009,1156,2019-07-06
PORSCHE,Diesel,Cataluña,0050,1157,2019-07-06
PORSCHE,Diesel,Comunitat Valenciana,0018,1158,2019-07-06
PORSCHE,Diesel,Extremadura,0003,1159,2019-07-06
PORSCHE,Diesel,Galicia,0013,1160,2019-07-06
PORSCHE,Diesel,Madrid (Comunidad de),0048,1161,2019-07-06
PORSCHE,Diesel,Murcia (Región de),0006,1162,2019-07-06
PORSCHE,Diesel,Navarra (Comunidad Foral,de)0001,1163,2019-07-06
PORSCHE,Diesel,País Vasco,0007,1164,2019-07-06
PORSCHE,Diesel,Rioja (La),0002,1165,2019-07-06
PORSCHE,Eléctrico,Castilla-La Mancha,0001,1166,2019-07-06
PORSCHE,Eléctrico,Madrid (Comunidad de),0001,1167,2019-07-06
PORSCHE,Gasolina,Andalucía,0043,1168,2019-07-06
PORSCHE,Gasolina,Aragón,0004,1169,2019-07-06
PORSCHE,Gasolina,Asturias (Principado de),0005,1170,2019-07-06
PORSCHE,Gasolina,Balears (Illes),0015,1171,2019-07-06
PORSCHE,Gasolina,Canarias,0013,1172,2019-07-06
PORSCHE,Gasolina,Cantabria,0006,1173,2019-07-06
PORSCHE,Gasolina,Castilla y León,0006,1174,2019-07-06
PORSCHE,Gasolina,Castilla-La Mancha,0003,1175,2019-07-06
PORSCHE,Gasolina,Cataluña,0047,1176,2019-07-06
PORSCHE,Gasolina,Comunitat Valenciana,0021,1177,2019-07-06
PORSCHE,Gasolina,Extremadura,0001,1178,2019-07-06
PORSCHE,Gasolina,Galicia,0010,1179,2019-07-06
PORSCHE,Gasolina,Madrid (Comunidad de),0091,1180,2019-07-06
PORSCHE,Gasolina,Murcia (Región de),0004,1181,2019-07-06
PORSCHE,Gasolina,Navarra (Comunidad Foral,de)0001,1182,2019-07-06
PORSCHE,Gasolina,País Vasco,0003,1183,2019-07-06
PORSCHE,Gasolina,Rioja (La),0001,1184,2019-07-06
RENAULT,Diesel,Andalucía,1316,1185,2019-07-06
RENAULT,Diesel,Aragón,0170,1186,2019-07-06
RENAULT,Diesel,Asturias (Principado de),0180,1187,2019-07-06
RENAULT,Diesel,Balears (Illes),0289,1188,2019-07-06
RENAULT,Diesel,Canarias,0163,1189,2019-07-06
RENAULT,Diesel,Cantabria,0116,1190,2019-07-06
RENAULT,Diesel,Castilla y León,0705,1191,2019-07-06
RENAULT,Diesel,Castilla-La Mancha,0279,1192,2019-07-06
RENAULT,Diesel,Cataluña,1290,1193,2019-07-06
RENAULT,Diesel,Ceuta,0021,1194,2019-07-06
RENAULT,Diesel,Comunitat Valenciana,1067,1195,2019-07-06
RENAULT,Diesel,Extremadura,0152,1196,2019-07-06
RENAULT,Diesel,Galicia,0447,1197,2019-07-06
RENAULT,Diesel,Madrid (Comunidad de),5178,1198,2019-07-06
RENAULT,Diesel,Melilla,0005,1199,2019-07-06
RENAULT,Diesel,Murcia (Región de),0254,1200,2019-07-06
RENAULT,Diesel,Navarra (Comunidad Foral,de)0100,1201,2019-07-06
RENAULT,Diesel,País Vasco,0349,1202,2019-07-06
RENAULT,Diesel,Rioja (La),0051,1203,2019-07-06
RENAULT,Eléctrico,Andalucía,0002,1204,2019-07-06
RENAULT,Eléctrico,Balears (Illes),0003,1205,2019-07-06
RENAULT,Eléctrico,Canarias,0002,1206,2019-07-06
RENAULT,Eléctrico,Castilla y León,0002,1207,2019-07-06
RENAULT,Eléctrico,Castilla-La Mancha,0001,1208,2019-07-06
RENAULT,Eléctrico,Cataluña,0016,1209,2019-07-06
RENAULT,Eléctrico,Comunitat Valenciana,0005,1210,2019-07-06
RENAULT,Eléctrico,Galicia,0001,1211,2019-07-06
RENAULT,Eléctrico,Madrid (Comunidad de),0041,1212,2019-07-06
RENAULT,Eléctrico,Murcia (Región de),0001,1213,2019-07-06
RENAULT,Eléctrico,País Vasco,0001,1214,2019-07-06
RENAULT,Gasolina,Andalucía,0628,1215,2019-07-06
RENAULT,Gasolina,Aragón,0136,1216,2019-07-06
RENAULT,Gasolina,Asturias (Principado de),0117,1217,2019-07-06
RENAULT,Gasolina,Balears (Illes),0150,1218,2019-07-06
RENAULT,Gasolina,Canarias,0517,1219,2019-07-06
RENAULT,Gasolina,Cantabria,0071,1220,2019-07-06
RENAULT,Gasolina,Castilla y León,0394,1221,2019-07-06
RENAULT,Gasolina,Castilla-La Mancha,0122,1222,2019-07-06
RENAULT,Gasolina,Cataluña,1198,1223,2019-07-06
RENAULT,Gasolina,Ceuta,0013,1224,2019-07-06
RENAULT,Gasolina,Comunitat Valenciana,0842,1225,2019-07-06
RENAULT,Gasolina,Extremadura,0064,1226,2019-07-06
RENAULT,Gasolina,Galicia,0219,1227,2019-07-06
RENAULT,Gasolina,Madrid (Comunidad de),1777,1228,2019-07-06
RENAULT,Gasolina,Melilla,0015,1229,2019-07-06
RENAULT,Gasolina,Murcia (Región de),0106,1230,2019-07-06
RENAULT,Gasolina,Navarra (Comunidad Foral,de)0062,1231,2019-07-06
RENAULT,Gasolina,País Vasco,0268,1232,2019-07-06
RENAULT,Gasolina,Rioja (La),0031,1233,2019-07-06
RENAULTTECH,Diesel,Aragón,0001,1234,2019-07-06
RENAULTTECH,Diesel,Castilla y León,0001,1235,2019-07-06
RENAULTTECH,Diesel,Cataluña,0002,1236,2019-07-06
RENAULTTECH,Diesel,Comunitat Valenciana,0001,1237,2019-07-06
RENAULTTECH,Diesel,Extremadura,0001,1238,2019-07-06
RENAULTTECH,Diesel,Galicia,0001,1239,2019-07-06
RENAULTTECH,Diesel,Madrid (Comunidad de),0004,1240,2019-07-06
RENAULTTECH,Diesel,Navarra (Comunidad Foral,de)0001,1241,2019-07-06
ROBINHOOD,Gasolina,Madrid (Comunidad de),0001,1242,2019-07-06
ROLLSROYCE,Gasolina,Andalucía,0001,1243,2019-07-06
ROLLSROYCE,Gasolina,Madrid (Comunidad de),0001,1244,2019-07-06
ROLLSROYCE,Gasolina,Murcia (Región de),0001,1245,2019-07-06
ROVER,Diesel,Andalucía,0003,1246,2019-07-06
ROVER,Diesel,Aragón,0001,1247,2019-07-06
ROVER,Diesel,Cataluña,0001,1248,2019-07-06
ROVER,Diesel,Ceuta,0001,1249,2019-07-06
ROVER,Gasolina,Andalucía,0001,1250,2019-07-06
ROVER,Gasolina,Balears (Illes),0001,1251,2019-07-06
ROVER,Gasolina,Canarias,0002,1252,2019-07-06
ROVER,Gasolina,Cataluña,0001,1253,2019-07-06
ROVER,Gasolina,Comunitat Valenciana,0001,1254,2019-07-06
ROVER,Gasolina,Madrid (Comunidad de),0002,1255,2019-07-06
ROVER,Gasolina,Navarra (Comunidad Foral,de)0001,1256,2019-07-06
SAAB,Diesel,Andalucía,0005,1257,2019-07-06
SAAB,Diesel,Balears (Illes),0001,1258,2019-07-06
SAAB,Diesel,Canarias,0001,1259,2019-07-06
SAAB,Diesel,Cataluña,0004,1260,2019-07-06
SAAB,Diesel,Comunitat Valenciana,0001,1261,2019-07-06
SAAB,Diesel,Madrid (Comunidad de),0001,1262,2019-07-06
SAAB,Gasolina,Andalucía,0004,1263,2019-07-06
SAAB,Gasolina,Balears (Illes),0001,1264,2019-07-06
SAAB,Gasolina,Canarias,0002,1265,2019-07-06
SAAB,Gasolina,Cataluña,0002,1266,2019-07-06
SAAB,Gasolina,Comunitat Valenciana,0005,1267,2019-07-06
SAAB,Gasolina,Galicia,0002,1268,2019-07-06
SAAB,Gasolina,Madrid (Comunidad de),0001,1269,2019-07-06
SAAB,Gasolina,Navarra (Comunidad Foral,de)0001,1270,2019-07-06
SAAB,Gasolina,País Vasco,0001,1271,2019-07-06
SCION,Gasolina,Andalucía,0001,1272,2019-07-06
SEAT,Diesel,Andalucía,0827,1273,2019-07-06
SEAT,Diesel,Aragón,0102,1274,2019-07-06
SEAT,Diesel,Asturias (Principado de),0113,1275,2019-07-06
SEAT,Diesel,Balears (Illes),0064,1276,2019-07-06
SEAT,Diesel,Canarias,0037,1277,2019-07-06
SEAT,Diesel,Cantabria,0062,1278,2019-07-06
SEAT,Diesel,Castilla y León,0209,1279,2019-07-06
SEAT,Diesel,Castilla-La Mancha,0243,1280,2019-07-06
SEAT,Diesel,Cataluña,1550,1281,2019-07-06
SEAT,Diesel,Ceuta,0003,1282,2019-07-06
SEAT,Diesel,Comunitat Valenciana,0371,1283,2019-07-06
SEAT,Diesel,Extremadura,0043,1284,2019-07-06
SEAT,Diesel,Galicia,0306,1285,2019-07-06
SEAT,Diesel,Madrid (Comunidad de),5259,1286,2019-07-06
SEAT,Diesel,Melilla,0001,1287,2019-07-06
SEAT,Diesel,Murcia (Región de),0152,1288,2019-07-06
SEAT,Diesel,Navarra (Comunidad Foral,de)0053,1289,2019-07-06
SEAT,Diesel,País Vasco,0184,1290,2019-07-06
SEAT,Diesel,Rioja (La),0021,1291,2019-07-06
SEAT,Eléctrico,Cataluña,0001,1292,2019-07-06
SEAT,Gas Licuado,PetroleoAndalucía,0001,1293,2019-07-06
SEAT,Gas Licuado,PetroleoBalears (Illes),0001,1294,2019-07-06
SEAT,Gas Licuado,PetroleoMadrid (Comunidad de),0018,1295,2019-07-06
SEAT,Gas Natural,primido Balears (Illes),0002,1296,2019-07-06
SEAT,Gas Natural,primido Castilla-La Mancha,0002,1297,2019-07-06
SEAT,Gas Natural,primido Cataluña,0050,1298,2019-07-06
SEAT,Gas Natural,primido Comunitat Valenciana,0001,1299,2019-07-06
SEAT,Gas Natural,primido Madrid (Comunidad de),0030,1300,2019-07-06
SEAT,Gas Natural,primido Murcia (Región de),0002,1301,2019-07-06
SEAT,Gas Natural,primido País Vasco,0003,1302,2019-07-06
SEAT,Gasolina,Andalucía,0807,1303,2019-07-06
SEAT,Gasolina,Aragón,0136,1304,2019-07-06
SEAT,Gasolina,Asturias (Principado de),0074,1305,2019-07-06
SEAT,Gasolina,Balears (Illes),0310,1306,2019-07-06
SEAT,Gasolina,Canarias,0892,1307,2019-07-06
SEAT,Gasolina,Cantabria,0066,1308,2019-07-06
SEAT,Gasolina,Castilla y León,0268,1309,2019-07-06
SEAT,Gasolina,Castilla-La Mancha,0191,1310,2019-07-06
SEAT,Gasolina,Cataluña,1480,1311,2019-07-06
SEAT,Gasolina,Ceuta,0001,1312,2019-07-06
SEAT,Gasolina,Comunitat Valenciana,0666,1313,2019-07-06
SEAT,Gasolina,Extremadura,0028,1314,2019-07-06
SEAT,Gasolina,Galicia,0251,1315,2019-07-06
SEAT,Gasolina,Madrid (Comunidad de),4678,1316,2019-07-06
SEAT,Gasolina,Melilla,0015,1317,2019-07-06
SEAT,Gasolina,Murcia (Región de),0159,1318,2019-07-06
SEAT,Gasolina,Navarra (Comunidad Foral,de)0098,1319,2019-07-06
SEAT,Gasolina,País Vasco,0257,1320,2019-07-06
SEAT,Gasolina,Rioja (La),0043,1321,2019-07-06
SEAT,Sin especif,Melilla,0001,1322,2019-07-06
SINMARCA,Gasolina,Andalucía,0001,1323,2019-07-06
SKODA,Diesel,Andalucía,0365,1324,2019-07-06
SKODA,Diesel,Aragón,0065,1325,2019-07-06
SKODA,Diesel,Asturias (Principado de),0065,1326,2019-07-06
SKODA,Diesel,Balears (Illes),0099,1327,2019-07-06
SKODA,Diesel,Canarias,0022,1328,2019-07-06
SKODA,Diesel,Cantabria,0014,1329,2019-07-06
SKODA,Diesel,Castilla y León,0096,1330,2019-07-06
SKODA,Diesel,Castilla-La Mancha,0065,1331,2019-07-06
SKODA,Diesel,Cataluña,0435,1332,2019-07-06
SKODA,Diesel,Comunitat Valenciana,0116,1333,2019-07-06
SKODA,Diesel,Extremadura,0068,1334,2019-07-06
SKODA,Diesel,Galicia,0096,1335,2019-07-06
SKODA,Diesel,Madrid (Comunidad de),1319,1336,2019-07-06
SKODA,Diesel,Murcia (Región de),0064,1337,2019-07-06
SKODA,Diesel,Navarra (Comunidad Foral,de)0025,1338,2019-07-06
SKODA,Diesel,País Vasco,0138,1339,2019-07-06
SKODA,Diesel,Rioja (La),0012,1340,2019-07-06
SKODA,Gas Natural,primido Comunitat Valenciana,0001,1341,2019-07-06
SKODA,Gas Natural,primido Madrid (Comunidad de),0002,1342,2019-07-06
SKODA,Gasolina,Andalucía,0247,1343,2019-07-06
SKODA,Gasolina,Aragón,0061,1344,2019-07-06
SKODA,Gasolina,Asturias (Principado de),0020,1345,2019-07-06
SKODA,Gasolina,Balears (Illes),0210,1346,2019-07-06
SKODA,Gasolina,Canarias,0160,1347,2019-07-06
SKODA,Gasolina,Cantabria,0016,1348,2019-07-06
SKODA,Gasolina,Castilla y León,0059,1349,2019-07-06
SKODA,Gasolina,Castilla-La Mancha,0029,1350,2019-07-06
SKODA,Gasolina,Cataluña,0265,1351,2019-07-06
SKODA,Gasolina,Ceuta,0001,1352,2019-07-06
SKODA,Gasolina,Comunitat Valenciana,0182,1353,2019-07-06
SKODA,Gasolina,Extremadura,0028,1354,2019-07-06
SKODA,Gasolina,Galicia,0081,1355,2019-07-06
SKODA,Gasolina,Madrid (Comunidad de),1328,1356,2019-07-06
SKODA,Gasolina,Melilla,0002,1357,2019-07-06
SKODA,Gasolina,Murcia (Región de),0050,1358,2019-07-06
SKODA,Gasolina,Navarra (Comunidad Foral,de)0020,1359,2019-07-06
SKODA,Gasolina,País Vasco,0073,1360,2019-07-06
SKODA,Gasolina,Rioja (La),0006,1361,2019-07-06
SMART,Diesel,,0002,1362,2019-07-06
SMART,Diesel,Aragón,0001,1363,2019-07-06
SMART,Diesel,Comunitat Valenciana,0002,1364,2019-07-06
SMART,Diesel,Galicia,0002,1365,2019-07-06
SMART,Eléctrico,Madrid (Comunidad de),0041,1366,2019-07-06
SMART,Gasolina,Andalucía,0116,1367,2019-07-06
SMART,Gasolina,Aragón,0011,1368,2019-07-06
SMART,Gasolina,Asturias (Principado de),0014,1369,2019-07-06
SMART,Gasolina,Balears (Illes),0065,1370,2019-07-06
SMART,Gasolina,Canarias,0076,1371,2019-07-06
SMART,Gasolina,Cantabria,0006,1372,2019-07-06
SMART,Gasolina,Castilla y León,0010,1373,2019-07-06
SMART,Gasolina,Castilla-La Mancha,0010,1374,2019-07-06
SMART,Gasolina,Cataluña,0241,1375,2019-07-06
SMART,Gasolina,Ceuta,0001,1376,2019-07-06
SMART,Gasolina,Comunitat Valenciana,0167,1377,2019-07-06
SMART,Gasolina,Extremadura,0001,1378,2019-07-06
SMART,Gasolina,Galicia,0028,1379,2019-07-06
SMART,Gasolina,Madrid (Comunidad de),0969,1380,2019-07-06
SMART,Gasolina,Murcia (Región de),0052,1381,2019-07-06
SMART,Gasolina,Navarra (Comunidad Foral,de)0004,1382,2019-07-06
SMART,Gasolina,País Vasco,0012,1383,2019-07-06
SMART,Gasolina,Rioja (La),0001,1384,2019-07-06
SSANGYONG,Diesel,Andalucía,0109,1385,2019-07-06
SSANGYONG,Diesel,Aragón,0014,1386,2019-07-06
SSANGYONG,Diesel,Asturias (Principado de),0005,1387,2019-07-06
SSANGYONG,Diesel,Balears (Illes),0010,1388,2019-07-06
SSANGYONG,Diesel,Canarias,0005,1389,2019-07-06
SSANGYONG,Diesel,Cantabria,0007,1390,2019-07-06
SSANGYONG,Diesel,Castilla y León,0035,1391,2019-07-06
SSANGYONG,Diesel,Castilla-La Mancha,0065,1392,2019-07-06
SSANGYONG,Diesel,Cataluña,0244,1393,2019-07-06
SSANGYONG,Diesel,Ceuta,0008,1394,2019-07-06
SSANGYONG,Diesel,Comunitat Valenciana,0065,1395,2019-07-06
SSANGYONG,Diesel,Extremadura,0013,1396,2019-07-06
SSANGYONG,Diesel,Galicia,0026,1397,2019-07-06
SSANGYONG,Diesel,Madrid (Comunidad de),0138,1398,2019-07-06
SSANGYONG,Diesel,Melilla,0008,1399,2019-07-06
SSANGYONG,Diesel,Murcia (Región de),0025,1400,2019-07-06
SSANGYONG,Diesel,Navarra (Comunidad Foral,de)0004,1401,2019-07-06
SSANGYONG,Diesel,País Vasco,0026,1402,2019-07-06
SSANGYONG,Gas Licuado,PetroleoAndalucía,0001,1403,2019-07-06
SSANGYONG,Gas Licuado,PetroleoAragón,0003,1404,2019-07-06
SSANGYONG,Gas Licuado,PetroleoCataluña,0003,1405,2019-07-06
SSANGYONG,Gas Licuado,PetroleoComunitat Valenciana,0001,1406,2019-07-06
SSANGYONG,Gas Licuado,PetroleoMadrid (Comunidad de),0002,1407,2019-07-06
SSANGYONG,Gas Licuado,PetroleoMurcia (Región de),0005,1408,2019-07-06
SSANGYONG,Gas Licuado,PetroleoPaís Vasco,0002,1409,2019-07-06
SSANGYONG,Gasolina,Andalucía,0024,1410,2019-07-06
SSANGYONG,Gasolina,Aragón,0003,1411,2019-07-06
SSANGYONG,Gasolina,Asturias (Principado de),0001,1412,2019-07-06
SSANGYONG,Gasolina,Balears (Illes),0004,1413,2019-07-06
SSANGYONG,Gasolina,Canarias,0007,1414,2019-07-06
SSANGYONG,Gasolina,Cantabria,0001,1415,2019-07-06
SSANGYONG,Gasolina,Castilla y León,0003,1416,2019-07-06
SSANGYONG,Gasolina,Castilla-La Mancha,0008,1417,2019-07-06
SSANGYONG,Gasolina,Cataluña,0022,1418,2019-07-06
SSANGYONG,Gasolina,Comunitat Valenciana,0008,1419,2019-07-06
SSANGYONG,Gasolina,Galicia,0001,1420,2019-07-06
SSANGYONG,Gasolina,Madrid (Comunidad de),0059,1421,2019-07-06
SSANGYONG,Gasolina,Melilla,0002,1422,2019-07-06
SSANGYONG,Gasolina,Navarra (Comunidad Foral,de)0001,1423,2019-07-06
SSANGYONG,Gasolina,País Vasco,0003,1424,2019-07-06
STUDEBAKER,Gasolina,Cataluña,0001,1425,2019-07-06
SUBARU,Diesel,Andalucía,0020,1426,2019-07-06
SUBARU,Diesel,Aragón,0005,1427,2019-07-06
SUBARU,Diesel,Asturias (Principado de),0007,1428,2019-07-06
SUBARU,Diesel,Canarias,0004,1429,2019-07-06
SUBARU,Diesel,Cantabria,0005,1430,2019-07-06
SUBARU,Diesel,Castilla y León,0012,1431,2019-07-06
SUBARU,Diesel,Castilla-La Mancha,0049,1432,2019-07-06
SUBARU,Diesel,Cataluña,0063,1433,2019-07-06
SUBARU,Diesel,Comunitat Valenciana,0005,1434,2019-07-06
SUBARU,Diesel,Extremadura,0002,1435,2019-07-06
SUBARU,Diesel,Galicia,0007,1436,2019-07-06
SUBARU,Diesel,Madrid (Comunidad de),0042,1437,2019-07-06
SUBARU,Diesel,Melilla,0001,1438,2019-07-06
SUBARU,Diesel,Murcia (Región de),0001,1439,2019-07-06
SUBARU,Diesel,Navarra (Comunidad Foral,de)0001,1440,2019-07-06
SUBARU,Diesel,País Vasco,0018,1441,2019-07-06
SUBARU,Diesel,Rioja (La),0003,1442,2019-07-06
SUBARU,Gasolina,Andalucía,0017,1443,2019-07-06
SUBARU,Gasolina,Aragón,0011,1444,2019-07-06
SUBARU,Gasolina,Asturias (Principado de),0007,1445,2019-07-06
SUBARU,Gasolina,Balears (Illes),0001,1446,2019-07-06
SUBARU,Gasolina,Canarias,0003,1447,2019-07-06
SUBARU,Gasolina,Cantabria,0004,1448,2019-07-06
SUBARU,Gasolina,Castilla y León,0010,1449,2019-07-06
SUBARU,Gasolina,Castilla-La Mancha,0013,1450,2019-07-06
SUBARU,Gasolina,Cataluña,0103,1451,2019-07-06
SUBARU,Gasolina,Comunitat Valenciana,0008,1452,2019-07-06
SUBARU,Gasolina,Extremadura,0003,1453,2019-07-06
SUBARU,Gasolina,Galicia,0007,1454,2019-07-06
SUBARU,Gasolina,Madrid (Comunidad de),0040,1455,2019-07-06
SUBARU,Gasolina,Melilla,0001,1456,2019-07-06
SUBARU,Gasolina,Murcia (Región de),0001,1457,2019-07-06
SUBARU,Gasolina,Navarra (Comunidad Foral,de)0003,1458,2019-07-06
SUBARU,Gasolina,País Vasco,0009,1459,2019-07-06
SUZUKI,Diesel,Andalucía,0114,1460,2019-07-06
SUZUKI,Diesel,Aragón,0021,1461,2019-07-06
SUZUKI,Diesel,Asturias (Principado de),0013,1462,2019-07-06
SUZUKI,Diesel,Balears (Illes),0007,1463,2019-07-06
SUZUKI,Diesel,Canarias,0002,1464,2019-07-06
SUZUKI,Diesel,Castilla y León,0026,1465,2019-07-06
SUZUKI,Diesel,Castilla-La Mancha,0025,1466,2019-07-06
SUZUKI,Diesel,Cataluña,0043,1467,2019-07-06
SUZUKI,Diesel,Comunitat Valenciana,0042,1468,2019-07-06
SUZUKI,Diesel,Extremadura,0001,1469,2019-07-06
SUZUKI,Diesel,Galicia,0023,1470,2019-07-06
SUZUKI,Diesel,Madrid (Comunidad de),0090,1471,2019-07-06
SUZUKI,Diesel,Murcia (Región de),0019,1472,2019-07-06
SUZUKI,Diesel,Navarra (Comunidad Foral,de)0008,1473,2019-07-06
SUZUKI,Diesel,País Vasco,0019,1474,2019-07-06
SUZUKI,Diesel,Rioja (La),0007,1475,2019-07-06
SUZUKI,Gasolina,Andalucía,0064,1476,2019-07-06
SUZUKI,Gasolina,Aragón,0020,1477,2019-07-06
SUZUKI,Gasolina,Asturias (Principado de),0010,1478,2019-07-06
SUZUKI,Gasolina,Balears (Illes),0046,1479,2019-07-06
SUZUKI,Gasolina,Canarias,0045,1480,2019-07-06
SUZUKI,Gasolina,Cantabria,0005,1481,2019-07-06
SUZUKI,Gasolina,Castilla y León,0031,1482,2019-07-06
SUZUKI,Gasolina,Castilla-La Mancha,0014,1483,2019-07-06
SUZUKI,Gasolina,Cataluña,0156,1484,2019-07-06
SUZUKI,Gasolina,Comunitat Valenciana,0067,1485,2019-07-06
SUZUKI,Gasolina,Extremadura,0001,1486,2019-07-06
SUZUKI,Gasolina,Galicia,0015,1487,2019-07-06
SUZUKI,Gasolina,Madrid (Comunidad de),0087,1488,2019-07-06
SUZUKI,Gasolina,Melilla,0002,1489,2019-07-06
SUZUKI,Gasolina,Murcia (Región de),0017,1490,2019-07-06
SUZUKI,Gasolina,Navarra (Comunidad Foral,de)0008,1491,2019-07-06
SUZUKI,Gasolina,País Vasco,0016,1492,2019-07-06
SUZUKI,Gasolina,Rioja (La),0018,1493,2019-07-06
TESLA,Eléctrico,Andalucía,0002,1494,2019-07-06
TESLA,Eléctrico,Cataluña,0002,1495,2019-07-06
TESLAMOTORS,Eléctrico,Andalucía,0001,1496,2019-07-06
TESLAMOTORS,Eléctrico,Cataluña,0003,1497,2019-07-06
TESLAMOTORS,Eléctrico,Comunitat Valenciana,0002,1498,2019-07-06
TESLAMOTORS,Eléctrico,Madrid (Comunidad de),0001,1499,2019-07-06
TOYOTA,Diesel,Andalucía,0657,1500,2019-07-06
TOYOTA,Diesel,Aragón,0078,1501,2019-07-06
TOYOTA,Diesel,Asturias (Principado de),0059,1502,2019-07-06
TOYOTA,Diesel,Balears (Illes),0044,1503,2019-07-06
TOYOTA,Diesel,Canarias,0039,1504,2019-07-06
TOYOTA,Diesel,Cantabria,0039,1505,2019-07-06
TOYOTA,Diesel,Castilla y León,0156,1506,2019-07-06
TOYOTA,Diesel,Castilla-La Mancha,0120,1507,2019-07-06
TOYOTA,Diesel,Cataluña,0463,1508,2019-07-06
TOYOTA,Diesel,Ceuta,0007,1509,2019-07-06
TOYOTA,Diesel,Comunitat Valenciana,0344,1510,2019-07-06
TOYOTA,Diesel,Extremadura,0109,1511,2019-07-06
TOYOTA,Diesel,Galicia,0169,1512,2019-07-06
TOYOTA,Diesel,Madrid (Comunidad de),1239,1513,2019-07-06
TOYOTA,Diesel,Melilla,0007,1514,2019-07-06
TOYOTA,Diesel,Murcia (Región de),0084,1515,2019-07-06
TOYOTA,Diesel,Navarra (Comunidad Foral,de)0036,1516,2019-07-06
TOYOTA,Diesel,País Vasco,0141,1517,2019-07-06
TOYOTA,Diesel,Rioja (La),0025,1518,2019-07-06
TOYOTA,Eléctrico,Comunitat Valenciana,0001,1519,2019-07-06
TOYOTA,Eléctrico,Madrid (Comunidad de),0001,1520,2019-07-06
TOYOTA,Gas Licuado,PetroleoMadrid (Comunidad de),0001,1521,2019-07-06
TOYOTA,Gasolina,Andalucía,1161,1522,2019-07-06
TOYOTA,Gasolina,Aragón,0200,1523,2019-07-06
TOYOTA,Gasolina,Asturias (Principado de),0130,1524,2019-07-06
TOYOTA,Gasolina,Balears (Illes),0389,1525,2019-07-06
TOYOTA,Gasolina,Canarias,0390,1526,2019-07-06
TOYOTA,Gasolina,Cantabria,0104,1527,2019-07-06
TOYOTA,Gasolina,Castilla y León,0313,1528,2019-07-06
TOYOTA,Gasolina,Castilla-La Mancha,0200,1529,2019-07-06
TOYOTA,Gasolina,Cataluña,1963,1530,2019-07-06
TOYOTA,Gasolina,Ceuta,0009,1531,2019-07-06
TOYOTA,Gasolina,Comunitat Valenciana,0925,1532,2019-07-06
TOYOTA,Gasolina,Extremadura,0120,1533,2019-07-06
TOYOTA,Gasolina,Galicia,0384,1534,2019-07-06
TOYOTA,Gasolina,Madrid (Comunidad de),3402,1535,2019-07-06
TOYOTA,Gasolina,Melilla,0006,1536,2019-07-06
TOYOTA,Gasolina,Murcia (Región de),0173,1537,2019-07-06
TOYOTA,Gasolina,Navarra (Comunidad Foral,de)0097,1538,2019-07-06
TOYOTA,Gasolina,País Vasco,0362,1539,2019-07-06
TOYOTA,Gasolina,Rioja (La),0057,1540,2019-07-06
TRIPOD,,Comunitat Valenciana,0001,1541,2019-07-06
TRIPOD,Diesel,Extremadura,0001,1542,2019-07-06
TRIUMPH,Gasolina,Andalucía,0001,1543,2019-07-06
TRIUMPH,Gasolina,Cataluña,0002,1544,2019-07-06
TRIUMPH,Gasolina,Comunitat Valenciana,0002,1545,2019-07-06
TVR,Gasolina,Canarias,0001,1546,2019-07-06
VAUXHALL,Diesel,Comunitat Valenciana,0001,1547,2019-07-06
VAUXHALL,Diesel,Murcia (Región de),0001,1548,2019-07-06
VAUXHALL,Gasolina,Andalucía,0001,1549,2019-07-06
VAUXHALL,Gasolina,Canarias,0001,1550,2019-07-06
VAUXHALL,Gasolina,Cantabria,0001,1551,2019-07-06
VAUXHALL,Gasolina,Comunitat Valenciana,0003,1552,2019-07-06
VESPA,Gasolina,Cataluña,0001,1553,2019-07-06
VOLKSWAGEN,Diesel,Andalucía,1860,1554,2019-07-06
VOLKSWAGEN,Diesel,Aragón,0260,1555,2019-07-06
VOLKSWAGEN,Diesel,Asturias (Principado de),0258,1556,2019-07-06
VOLKSWAGEN,Diesel,Balears (Illes),0227,1557,2019-07-06
VOLKSWAGEN,Diesel,Canarias,0158,1558,2019-07-06
VOLKSWAGEN,Diesel,Cantabria,0166,1559,2019-07-06
VOLKSWAGEN,Diesel,Castilla y León,0490,1560,2019-07-06
VOLKSWAGEN,Diesel,Castilla-La Mancha,0389,1561,2019-07-06
VOLKSWAGEN,Diesel,Cataluña,2166,1562,2019-07-06
VOLKSWAGEN,Diesel,Ceuta,0033,1563,2019-07-06
VOLKSWAGEN,Diesel,Comunitat Valenciana,1382,1564,2019-07-06
VOLKSWAGEN,Diesel,Extremadura,0224,1565,2019-07-06
VOLKSWAGEN,Diesel,Galicia,0651,1566,2019-07-06
VOLKSWAGEN,Diesel,Madrid (Comunidad de),6502,1567,2019-07-06
VOLKSWAGEN,Diesel,Melilla,0016,1568,2019-07-06
VOLKSWAGEN,Diesel,Murcia (Región de),0432,1569,2019-07-06
VOLKSWAGEN,Diesel,Navarra (Comunidad Foral,de)0254,1570,2019-07-06
VOLKSWAGEN,Diesel,País Vasco,0558,1571,2019-07-06
VOLKSWAGEN,Diesel,Rioja (La),0064,1572,2019-07-06
VOLKSWAGEN,Eléctrico,Andalucía,0011,1573,2019-07-06
VOLKSWAGEN,Eléctrico,Aragón,0002,1574,2019-07-06
VOLKSWAGEN,Eléctrico,Asturias (Principado de),0003,1575,2019-07-06
VOLKSWAGEN,Eléctrico,Balears (Illes),0002,1576,2019-07-06
VOLKSWAGEN,Eléctrico,Canarias,0004,1577,2019-07-06
VOLKSWAGEN,Eléctrico,Cantabria,0001,1578,2019-07-06
VOLKSWAGEN,Eléctrico,Castilla y León,0005,1579,2019-07-06
VOLKSWAGEN,Eléctrico,Castilla-La Mancha,0002,1580,2019-07-06
VOLKSWAGEN,Eléctrico,Cataluña,0030,1581,2019-07-06
VOLKSWAGEN,Eléctrico,Comunitat Valenciana,0004,1582,2019-07-06
VOLKSWAGEN,Eléctrico,Galicia,0004,1583,2019-07-06
VOLKSWAGEN,Eléctrico,Madrid (Comunidad de),0029,1584,2019-07-06
VOLKSWAGEN,Eléctrico,Murcia (Región de),0001,1585,2019-07-06
VOLKSWAGEN,Eléctrico,Navarra (Comunidad Foral,de)0001,1586,2019-07-06
VOLKSWAGEN,Eléctrico,País Vasco,0006,1587,2019-07-06
VOLKSWAGEN,Eléctrico,Rioja (La),0001,1588,2019-07-06
VOLKSWAGEN,Gas Licuado,PetroleoMadrid (Comunidad de),0001,1589,2019-07-06
VOLKSWAGEN,Gas Natural,primido Cataluña,0004,1590,2019-07-06
VOLKSWAGEN,Gas Natural,primido País Vasco,0001,1591,2019-07-06
VOLKSWAGEN,Gasolina,Andalucía,0760,1592,2019-07-06
VOLKSWAGEN,Gasolina,Aragón,0109,1593,2019-07-06
VOLKSWAGEN,Gasolina,Asturias (Principado de),0089,1594,2019-07-06
VOLKSWAGEN,Gasolina,Balears (Illes),0479,1595,2019-07-06
VOLKSWAGEN,Gasolina,Canarias,1019,1596,2019-07-06
VOLKSWAGEN,Gasolina,Cantabria,0060,1597,2019-07-06
VOLKSWAGEN,Gasolina,Castilla y León,0197,1598,2019-07-06
VOLKSWAGEN,Gasolina,Castilla-La Mancha,0123,1599,2019-07-06
VOLKSWAGEN,Gasolina,Cataluña,1168,1600,2019-07-06
VOLKSWAGEN,Gasolina,Ceuta,0011,1601,2019-07-06
VOLKSWAGEN,Gasolina,Comunitat Valenciana,0585,1602,2019-07-06
VOLKSWAGEN,Gasolina,Extremadura,0046,1603,2019-07-06
VOLKSWAGEN,Gasolina,Galicia,0223,1604,2019-07-06
VOLKSWAGEN,Gasolina,Madrid (Comunidad de),3769,1605,2019-07-06
VOLKSWAGEN,Gasolina,Melilla,0016,1606,2019-07-06
VOLKSWAGEN,Gasolina,Murcia (Región de),0093,1607,2019-07-06
VOLKSWAGEN,Gasolina,Navarra (Comunidad Foral,de)0095,1608,2019-07-06
VOLKSWAGEN,Gasolina,País Vasco,0231,1609,2019-07-06
VOLKSWAGEN,Gasolina,Rioja (La),0028,1610,2019-07-06
VOLKSWAGEN,Sin especif,Andalucía,0001,1611,2019-07-06
VOLKSWAGENVW,Diesel,Andalucía,0001,1612,2019-07-06
VOLKSWAGENVW,Diesel,Castilla y León,0002,1613,2019-07-06
VOLKSWAGENVW,Diesel,Cataluña,0001,1614,2019-07-06
VOLKSWAGENVW,Diesel,Comunitat Valenciana,0001,1615,2019-07-06
VOLKSWAGENVW,Diesel,Galicia,0003,1616,2019-07-06
VOLKSWAGENVW,Diesel,Madrid (Comunidad de),0001,1617,2019-07-06
VOLKSWAGENVW,Diesel,Murcia (Región de),0001,1618,2019-07-06
VOLKSWAGENVW,Diesel,País Vasco,0001,1619,2019-07-06
VOLKSWAGENVW,Gasolina,Andalucía,0002,1620,2019-07-06
VOLKSWAGENVW,Gasolina,Canarias,0001,1621,2019-07-06
VOLKSWAGENVW,Gasolina,Castilla y León,0001,1622,2019-07-06
VOLKSWAGENVW,Gasolina,Comunitat Valenciana,0001,1623,2019-07-06
VOLVO,Butano,Castilla y León,0001,1624,2019-07-06
VOLVO,Diesel,Andalucía,0289,1625,2019-07-06
VOLVO,Diesel,Aragón,0038,1626,2019-07-06
VOLVO,Diesel,Asturias (Principado de),0031,1627,2019-07-06
VOLVO,Diesel,Balears (Illes),0034,1628,2019-07-06
VOLVO,Diesel,Canarias,0032,1629,2019-07-06
VOLVO,Diesel,Cantabria,0023,1630,2019-07-06
VOLVO,Diesel,Castilla y León,0088,1631,2019-07-06
VOLVO,Diesel,Castilla-La Mancha,0089,1632,2019-07-06
VOLVO,Diesel,Cataluña,0340,1633,2019-07-06
VOLVO,Diesel,Ceuta,0002,1634,2019-07-06
VOLVO,Diesel,Comunitat Valenciana,0156,1635,2019-07-06
VOLVO,Diesel,Extremadura,0049,1636,2019-07-06
VOLVO,Diesel,Galicia,0076,1637,2019-07-06
VOLVO,Diesel,Madrid (Comunidad de),1408,1638,2019-07-06
VOLVO,Diesel,Murcia (Región de),0048,1639,2019-07-06
VOLVO,Diesel,Navarra (Comunidad Foral,de)0023,1640,2019-07-06
VOLVO,Diesel,País Vasco,0111,1641,2019-07-06
,Diesel,Rioja (La),0012,1642,2019-07-06
VOLVO,Gasolina,Andalucía,0023,1643,2019-07-06
VOLVO,Gasolina,Aragón,0002,1644,2019-07-06
VOLVO,Gasolina,Asturias (Principado de),0002,1645,2019-07-06
VOLVO,Gasolina,Balears (Illes),0005,1646,2019-07-06
VOLVO,Gasolina,Canarias,0013,1647,2019-07-06
VOLVO,Gasolina,Cantabria,0001,1648,2019-07-06
VOLVO,Gasolina,Castilla y León,0004,1649,2019-07-06
VOLVO,Gasolina,Castilla-La Mancha,0002,1650,2019-07-06
VOLVO,Gasolina,Cataluña,0016,1651,2019-07-06
VOLVO,Gasolina,Comunitat Valenciana,0019,1652,2019-07-06
VOLVO,Gasolina,Galicia,0007,1653,2019-07-06
VOLVO,Gasolina,Madrid (Comunidad de),0032,1654,2019-07-06
VOLVO,Gasolina,Murcia (Región de),0002,1655,2019-07-06
VOLVO,Gasolina,Navarra (Comunidad Foral,de)0002,1656,2019-07-06
VOLVO,Gasolina,País Vasco,0006,1657,2019-07-06
